note_id,xsec_token,title,author,like_count,url
6a3a2c18000000000702f3e2,AB0jYy-TVXAM8NHW_rX0hP7drfIFVKQqoDJae2RtBKQyY=,GPT不同套餐对比❤️,Codex充值助手,39,https://www.xiaohongshu.com/search_result/6a3a2c18000000000702f3e2?xsec_token=AB0jYy-TVXAM8NHW_rX0hP7drfIFVKQqoDJae2RtBKQyY=&xsec_source=
6a3e3f0f0000000022017c3a,AB5FV-Ot3d2TpkyjeU_22BrsZBOj1Q9JrwqDFt8aoFT9M=,有人领到过chat GPT会员吗,Scarlett,26,https://www.xiaohongshu.com/search_result/6a3e3f0f0000000022017c3a?xsec_token=AB5FV-Ot3d2TpkyjeU_22BrsZBOj1Q9JrwqDFt8aoFT9M=&xsec_source=
6a49575b000000000f03061e,ABlkp3KgOEi2XYkpvcp4Y0PDlEowcINTlqK43o9i-yoDs=,还有多少人不会用chatgpt plus,颜颜,44,https://www.xiaohongshu.com/search_result/6a49575b000000000f03061e?xsec_token=ABlkp3KgOEi2XYkpvcp4Y0PDlEowcINTlqK43o9i-yoDs=&xsec_source=
6a454523000000000803fb4f,AB4DUM7YxsT2jIc7S9olLWHizgT9X1EKQrwMbxpw4ZbJM=,chatgpt plus三个月五折优惠。,竑予,23,https://www.xiaohongshu.com/search_result/6a454523000000000803fb4f?xsec_token=AB4DUM7YxsT2jIc7S9olLWHizgT9X1EKQrwMbxpw4ZbJM=&xsec_source=
689ff891000000001b03d4aa,ABkw4YF6R4OYgWj4u-F8IqQCC-YdBQcLPCftfx3gwDXdE=,🇲🇾 ChatGPT里这个功能一定要关,小李开箱MY,2759,https://www.xiaohongshu.com/search_result/689ff891000000001b03d4aa?xsec_token=ABkw4YF6R4OYgWj4u-F8IqQCC-YdBQcLPCftfx3gwDXdE=&xsec_source=
6a0465e30000000035027980,ABEdb0ld6G0pb1wvp0ky7-yeuqZiofSabNx7QWJqEDRbI=,升级后的ChatGPT做PPT好强！,尚晶SJ,140,https://www.xiaohongshu.com/search_result/6a0465e30000000035027980?xsec_token=ABEdb0ld6G0pb1wvp0ky7-yeuqZiofSabNx7QWJqEDRbI=&xsec_source=
6a473fcf00000000110122ed,ABc_7FZ-Sp3SqGqdP22hmEv0q01EX6HHDsV1k9vSmoCik=,还有多少人不会用chatgpt plus,黑楼桑,1826,https://www.xiaohongshu.com/search_result/6a473fcf00000000110122ed?xsec_token=ABc_7FZ-Sp3SqGqdP22hmEv0q01EX6HHDsV1k9vSmoCik=&xsec_source=
6a44b79d00000000160258ca,ABmGjY8SG5EAios5oaGDt0cn-x4m05oxAaisEz8P9c530=,chatgpt怎么付款？,小白,21,https://www.xiaohongshu.com/search_result/6a44b79d00000000160258ca?xsec_token=ABmGjY8SG5EAios5oaGDt0cn-x4m05oxAaisEz8P9c530=&xsec_source=
6a333f9e0000000006034297,AB48Y0WkYQCgszDDQA2niP7Zh2_c2TGcpn0Czf9Bn1QLs=,GPT土耳其涨价,GaoPeer,68,https://www.xiaohongshu.com/search_result/6a333f9e0000000006034297?xsec_token=AB48Y0WkYQCgszDDQA2niP7Zh2_c2TGcpn0Czf9Bn1QLs=&xsec_source=
6a476e800000000008024083,ABc_7FZ-Sp3SqGqdP22hmEv2wiM5gzfwkcKQpXFNyupBQ=,ChatGPT免费版！！！,Orian,53,https://www.xiaohongshu.com/search_result/6a476e800000000008024083?xsec_token=ABc_7FZ-Sp3SqGqdP22hmEv2wiM5gzfwkcKQpXFNyupBQ=&xsec_source=
690d55380000000004028db4,ABL0YgxJGeF51qElrZdUq3MDF5YMJI2NSOzrPzobqUC_k=,gpt go终于赶上India的福利了,看到请叫我去学习,12,https://www.xiaohongshu.com/search_result/690d55380000000004028db4?xsec_token=ABL0YgxJGeF51qElrZdUq3MDF5YMJI2NSOzrPzobqUC_k=&xsec_source=
6a4b8c31000000000f03008f,ABQZGHPekp6dvTmZAZpkNYUwsjKTFmeBkbFLyb-obtayw=,GPT-5.6即将发布,搜罗Tool,2,https://www.xiaohongshu.com/search_result/6a4b8c31000000000f03008f?xsec_token=ABQZGHPekp6dvTmZAZpkNYUwsjKTFmeBkbFLyb-obtayw=&xsec_source=
6a4c0e3d000000000e038401,ABAXwJZZTD5BXuPjwM_LrzeR75pvOKD8oBCrB3ACghAEY=,ChatGPT 5.6 要来了？Sol Ultra 模式曝光,AE,9,https://www.xiaohongshu.com/search_result/6a4c0e3d000000000e038401?xsec_token=ABAXwJZZTD5BXuPjwM_LrzeR75pvOKD8oBCrB3ACghAEY=&xsec_source=
690b38da00000000040129e1,AB5ThlLylv2Nhn1eyr6GjLM7If9V9yU5JEX5kc_LPev0U=,爽拿一年GPT go,杏林满川🍭,127,https://www.xiaohongshu.com/search_result/690b38da00000000040129e1?xsec_token=AB5ThlLylv2Nhn1eyr6GjLM7If9V9yU5JEX5kc_LPev0U=&xsec_source=
6a475e120000000017029025,ABc_7FZ-Sp3SqGqdP22hmEvxzTvsiPV2EOF6oQxYUVvOM=,才聊了没多久,sunshine,624,https://www.xiaohongshu.com/search_result/6a475e120000000017029025?xsec_token=ABc_7FZ-Sp3SqGqdP22hmEvxzTvsiPV2EOF6oQxYUVvOM=&xsec_source=
6a3736a4000000002101a2f6,ABw-i-rQ6LZQdpfUTQNQuNDTb5V0yKLhRKDX4XqW-HZFQ=,小白学GPT保姆级教程,夏莲,15,https://www.xiaohongshu.com/search_result/6a3736a4000000002101a2f6?xsec_token=ABw-i-rQ6LZQdpfUTQNQuNDTb5V0yKLhRKDX4XqW-HZFQ=&xsec_source=
6a4b8712000000000f01d12f,ABQZGHPekp6dvTmZAZpkNYU1QXrSs3tOkdvwTiZa44COI=,ChatGPT首月优惠,FUPO,3,https://www.xiaohongshu.com/search_result/6a4b8712000000000f01d12f?xsec_token=ABQZGHPekp6dvTmZAZpkNYU1QXrSs3tOkdvwTiZa44COI=&xsec_source=
675156e50000000006015997,ABwwZZVnP6gAN71-Gdx1jhi6xPZ_7q1ai6YxzhK2dC4IU=,GPT实用超级咒语进阶版更新啦,椰子（AI版）,24,https://www.xiaohongshu.com/search_result/675156e50000000006015997?xsec_token=ABwwZZVnP6gAN71-Gdx1jhi6xPZ_7q1ai6YxzhK2dC4IU=&xsec_source=
6a448d91000000000803293c,ABmGjY8SG5EAios5oaGDt0cu3Ozfmd5j8W45tiHUJqmWQ=,如何免费使用chatgpt,王知悠,0,https://www.xiaohongshu.com/search_result/6a448d91000000000803293c?xsec_token=ABmGjY8SG5EAios5oaGDt0cu3Ozfmd5j8W45tiHUJqmWQ=&xsec_source=
68795c950000000011003083,ABHibpjXdqvPxeRB_dZrj4ZmhP8_w8yyeqa5GRPSCcxTc=,ChatGPT 好哇塞～,Chen,492,https://www.xiaohongshu.com/search_result/68795c950000000011003083?xsec_token=ABHibpjXdqvPxeRB_dZrj4ZmhP8_w8yyeqa5GRPSCcxTc=&xsec_source=
6a339b29000000001702a3fd,AB48Y0WkYQCgszDDQA2niP7fUV3dOAPtbUuCxt1M3CUVU=,薅羊毛👀GPT plus免费试用限时返场！,Rosalie,102,https://www.xiaohongshu.com/search_result/6a339b29000000001702a3fd?xsec_token=AB48Y0WkYQCgszDDQA2niP7fUV3dOAPtbUuCxt1M3CUVU=&xsec_source=
6a47354d000000001603eae1,ABc_7FZ-Sp3SqGqdP22hmEv_qOIjb7P0wh3gHEqRSxyqk=,Chatgpt 还有每小时限制额度吗？😧,CCBBTT彤陈陈,2,https://www.xiaohongshu.com/search_result/6a47354d000000001603eae1?xsec_token=ABc_7FZ-Sp3SqGqdP22hmEv_qOIjb7P0wh3gHEqRSxyqk=&xsec_source=
6a263f14000000003502d83b,ABbBnvAD4v_UyIHORSrFYvfJUZP0ysN3WVWm6_a2hn28I=,手机端成功连接 codex！Windows 版,炙青,726,https://www.xiaohongshu.com/search_result/6a263f14000000003502d83b?xsec_token=ABbBnvAD4v_UyIHORSrFYvfJUZP0ysN3WVWm6_a2hn28I=&xsec_source=
6961568b000000000a02b323,AB34S31qRyLJ1ugyTw6ymzLeYEe2qGZketpoNmyPW60GM=,AI 不是不好用，是你根本没问对,和AI一起成长,625,https://www.xiaohongshu.com/search_result/6961568b000000000a02b323?xsec_token=AB34S31qRyLJ1ugyTw6ymzLeYEe2qGZketpoNmyPW60GM=&xsec_source=
691684f900000000070032a1,ABzqsiGxXz5YpSHyWVreZjwUlbczLYMx8U20yazsq3ZJ8=,我无聊到找chatgpt帮我算一卦,本是无聊之人,11,https://www.xiaohongshu.com/search_result/691684f900000000070032a1?xsec_token=ABzqsiGxXz5YpSHyWVreZjwUlbczLYMx8U20yazsq3ZJ8=&xsec_source=
6a4bdbd300000000110174d7,ABQZGHPekp6dvTmZAZpkNYU10tNi3zjyIiKVZEr3j0rYM=,ChatGPT又开智了的感觉🤔,番茄的茄子,1,https://www.xiaohongshu.com/search_result/6a4bdbd300000000110174d7?xsec_token=ABQZGHPekp6dvTmZAZpkNYU10tNi3zjyIiKVZEr3j0rYM=&xsec_source=
6a223524000000003802217c,AB6gKFleoVZHTjHCVTnkQL8axd5R3nL8S4uC6e1Rui6R8=,ChatGPT记忆系统，进入3.0时代,量子位,423,https://www.xiaohongshu.com/search_result/6a223524000000003802217c?xsec_token=AB6gKFleoVZHTjHCVTnkQL8axd5R3nL8S4uC6e1Rui6R8=&xsec_source=
6a117759000000000803e72a,ABWlda6xjwgCOdf3wERtdfhSmtYjR16Q_DrRlArX_B0Ug=,感谢马耳他政府赠送一年ChatGPT会员,马耳他码农,2,https://www.xiaohongshu.com/search_result/6a117759000000000803e72a?xsec_token=ABWlda6xjwgCOdf3wERtdfhSmtYjR16Q_DrRlArX_B0Ug=&xsec_source=
69f03c4e0000000037036af7,ABGh9fKlf6rz6XAXyqjGDrQxczy1Z4XyeQ8hMk2jcCSK4=,😭Chatgpt你夯爆了！！！,卡吹啦要开心呀,13000,https://www.xiaohongshu.com/search_result/69f03c4e0000000037036af7?xsec_token=ABGh9fKlf6rz6XAXyqjGDrQxczy1Z4XyeQ8hMk2jcCSK4=&xsec_source=
6764afa4000000000b02044e,ABhpGzeS0IavQH8lBEHUaw-zguCAcNDx4y9jsV9iyWndc=,ChatGPT接入苹果备忘录，做出罗永浩梦想机器,50岁男的不弯不健身,18,https://www.xiaohongshu.com/search_result/6764afa4000000000b02044e?xsec_token=ABhpGzeS0IavQH8lBEHUaw-zguCAcNDx4y9jsV9iyWndc=&xsec_source=
6a477db5000000000f01eb32,ABc_7FZ-Sp3SqGqdP22hmEvzZslDxy19QYvT6iK-2eCSE=,GPT Gemini 怎么啦,蛋糕AI,0,https://www.xiaohongshu.com/search_result/6a477db5000000000f01eb32?xsec_token=ABc_7FZ-Sp3SqGqdP22hmEvzZslDxy19QYvT6iK-2eCSE=&xsec_source=
6895ed37000000002302207f,ABT7q79vatLZmS7BuHL7oVnfzDk89YSEK5hNVQ-VnLiy4=,Chatgpt5消失了,Henrymax,5,https://www.xiaohongshu.com/search_result/6895ed37000000002302207f?xsec_token=ABT7q79vatLZmS7BuHL7oVnfzDk89YSEK5hNVQ-VnLiy4=&xsec_source=
69feb18800000000350307a0,ABUbgsTpRiAxS5l9n5yq1YDOPu1AG0_JMUWC6WSU8zOiI=,ChatGPT，开始正式商业化了。,AI营销增长官,6,https://www.xiaohongshu.com/search_result/69feb18800000000350307a0?xsec_token=ABUbgsTpRiAxS5l9n5yq1YDOPu1AG0_JMUWC6WSU8zOiI=&xsec_source=
6a337eda000000000702a75c,AB48Y0WkYQCgszDDQA2niP7RuhlVWmFXjozwoOV9susvs=,ChatGPT能帮你盯着邮件了,Dantalian,6,https://www.xiaohongshu.com/search_result/6a337eda000000000702a75c?xsec_token=AB48Y0WkYQCgszDDQA2niP7RuhlVWmFXjozwoOV9susvs=&xsec_source=
6a420fc9000000002003ac03,ABfXdD67U9gu7DHgpIgiCUrK95-i2bGMxoyN-2yhueaKs=,ChatGPT 更新！plus 又低人一等了,贴贴美女,376,https://www.xiaohongshu.com/search_result/6a420fc9000000002003ac03?xsec_token=ABfXdD67U9gu7DHgpIgiCUrK95-i2bGMxoyN-2yhueaKs=&xsec_source=
6a3d0c99000000000f01d62b,ABsCHAAvCGKcoLn8lcPy1T4rNT9ykwEDRL0QhqcAgoiAg=,Claude vs chatgpt,和七七一起做油管,34,https://www.xiaohongshu.com/search_result/6a3d0c99000000000f01d62b?xsec_token=ABsCHAAvCGKcoLn8lcPy1T4rNT9ykwEDRL0QhqcAgoiAg=&xsec_source=
6a17f5600000000036030ecc,ABqGtfqMwvmx5sAVZM_YJBI-N4fTCu4uwOTCwaFHYVY0s=,ChatGPT订阅充值经验贴,猹啃瓜瓜,1168,https://www.xiaohongshu.com/search_result/6a17f5600000000036030ecc?xsec_token=ABqGtfqMwvmx5sAVZM_YJBI-N4fTCu4uwOTCwaFHYVY0s=&xsec_source=
6a3635a1000000001602658a,ABQVxekixr86lc7JXXlxJmlTShLnJdzxXE_qlD7YflVqI=,Gemini+chatgpt 大家都是多少钱入手的,疯狂的小猫,4,https://www.xiaohongshu.com/search_result/6a3635a1000000001602658a?xsec_token=ABQVxekixr86lc7JXXlxJmlTShLnJdzxXE_qlD7YflVqI=&xsec_source=
6a3b2cb500000000060372a2,ABHkMoRF22Ta1fP2NIWtCm3gnI9kmYkOv1imIJ7RZWhbU=,ChatGPT Plus用满一个月，我续订了,保罗🍜,9,https://www.xiaohongshu.com/search_result/6a3b2cb500000000060372a2?xsec_token=ABHkMoRF22Ta1fP2NIWtCm3gnI9kmYkOv1imIJ7RZWhbU=&xsec_source=
6975cfd9000000000a0316d8,ABWyBSYSINgk-fEgOtFMtQeCcxvlWPbEMqOm0hvDeeSoI=,gemini 成功白嫖一年,D.D514,44,https://www.xiaohongshu.com/search_result/6975cfd9000000000a0316d8?xsec_token=ABWyBSYSINgk-fEgOtFMtQeCcxvlWPbEMqOm0hvDeeSoI=&xsec_source=
69aa83f8000000001600aa4e,ABP0_92OP9DDXxz6ZhOondO90Tm3046-jDk-aVy41AESQ=,🐮🐎成功用上了gpt gemini,Aries,831,https://www.xiaohongshu.com/search_result/69aa83f8000000001600aa4e?xsec_token=ABP0_92OP9DDXxz6ZhOondO90Tm3046-jDk-aVy41AESQ=&xsec_source=
69a8a6d6000000001b015e2a,ABKIQ4VKOznuitP8KkswW4xQbcvgOOtAO8p5IV0V7eYaM=,ChatGPT 记忆搬家到 Claude -附完整Promp,顾玖看AI,80,https://www.xiaohongshu.com/search_result/69a8a6d6000000001b015e2a?xsec_token=ABKIQ4VKOznuitP8KkswW4xQbcvgOOtAO8p5IV0V7eYaM=&xsec_source=
68a5ec31000000001d01a272,ABwYjJ0RnVgcaVXOqyIlOML_utM5pxurHU1d16e9MOCN4=,✨终于用上了 ChatGPT！,FanSyunKetu,1383,https://www.xiaohongshu.com/search_result/68a5ec31000000001d01a272?xsec_token=ABwYjJ0RnVgcaVXOqyIlOML_utM5pxurHU1d16e9MOCN4=&xsec_source=
68d89b60000000001300e39c,ABtyaB2V7-pB4XE81ZriaBNEjF16XMz00woX8Kke_1wLQ=,放弃 GPT 改为Gemini！这 4 个痛点忍够了,Lydia的AI分享,372,https://www.xiaohongshu.com/search_result/68d89b60000000001300e39c?xsec_token=ABtyaB2V7-pB4XE81ZriaBNEjF16XMz00woX8Kke_1wLQ=&xsec_source=
6955b3e9000000002203957b,ABxBSU_Aj_8NqyJZdeLmO9FG2VkV7_ExEt1TjsFeyensY=,chatgpt plus🇬🇧免费送1个月,睡不醒的小黑兔🍓,9,https://www.xiaohongshu.com/search_result/6955b3e9000000002203957b?xsec_token=ABxBSU_Aj_8NqyJZdeLmO9FG2VkV7_ExEt1TjsFeyensY=&xsec_source=
6a4068e9000000002201856f,ABTmw-8ZITS4aTPh4G-IXP8zN3bImOFNDHE3yN8AaJ0HM=,ChatGPT苹果礼品卡,小红薯67C8A94C,1,https://www.xiaohongshu.com/search_result/6a4068e9000000002201856f?xsec_token=ABTmw-8ZITS4aTPh4G-IXP8zN3bImOFNDHE3yN8AaJ0HM=&xsec_source=
6a4b8fff000000001102ec1b,ABQZGHPekp6dvTmZAZpkNYU4vHsb9iMh4UOXgJ-nKIlds=,GPTplus美区改日区订阅,我是菜鸟,316,https://www.xiaohongshu.com/search_result/6a4b8fff000000001102ec1b?xsec_token=ABQZGHPekp6dvTmZAZpkNYU4vHsb9iMh4UOXgJ-nKIlds=&xsec_source=
692322fc000000001f00696e,ABb37vcasRr68Iq-f6R3D8Dv50EV2mJqcnv_AkhDnWLLU=,ChatGPT上线“群聊”🔥 AI正式加入多人对话！,欧阳宁秀的金拇指,16,https://www.xiaohongshu.com/search_result/692322fc000000001f00696e?xsec_token=ABb37vcasRr68Iq-f6R3D8Dv50EV2mJqcnv_AkhDnWLLU=&xsec_source=
696b248f000000001a023bd6,ABtZ0YZM33qriVFwSzS72KKJf0e-2gY8DOa0Gu2uwDtxc=,ChatGPT推出平价版会员 同时在聊天中插广告,小互,14,https://www.xiaohongshu.com/search_result/696b248f000000001a023bd6?xsec_token=ABtZ0YZM33qriVFwSzS72KKJf0e-2gY8DOa0Gu2uwDtxc=&xsec_source=
6a4ca08c0000000022014e8b,ABAXwJZZTD5BXuPjwM_LrzeaiN5cqn2aUEqOWOp1tOLsQ=,🔥一本书读懂AIGC，AI时代PDF,冬季邮递员,1,https://www.xiaohongshu.com/search_result/6a4ca08c0000000022014e8b?xsec_token=ABAXwJZZTD5BXuPjwM_LrzeaiN5cqn2aUEqOWOp1tOLsQ=&xsec_source=
68fca3420000000003023918,ABBHmDveLSpMaGPyYiJOmQEJtWyOTGFG3lTZ_Hc2uUnlw=,"快来用免费chatgpt plus ,别再充钱了",大大小幸运,83,https://www.xiaohongshu.com/search_result/68fca3420000000003023918?xsec_token=ABBHmDveLSpMaGPyYiJOmQEJtWyOTGFG3lTZ_Hc2uUnlw=&xsec_source=
6a1eb1b9000000003601a313,ABVG_b5vKSwX2YCkh9Nti-lDuZoPLKuVFU9PLa1SxUFMY=,busi拼车team,账号甜,10,https://www.xiaohongshu.com/search_result/6a1eb1b9000000003601a313?xsec_token=ABVG_b5vKSwX2YCkh9Nti-lDuZoPLKuVFU9PLa1SxUFMY=&xsec_source=
6a4a11ea000000000f017c48,AB_9E3NTrxRTUX116_MaWp1jPFdyb8Wb7kGBhqsENqqnM=,Gpt Plus 升级 只需 1️⃣4️⃣8️⃣,AI啾啾,0,https://www.xiaohongshu.com/search_result/6a4a11ea000000000f017c48?xsec_token=AB_9E3NTrxRTUX116_MaWp1jPFdyb8Wb7kGBhqsENqqnM=&xsec_source=
668a49bd000000001c0253a8,ABdG7fhNtiLA6g9SqtGMedfpPyITEHIkS_WUDb7GVyO4E=,大家最近用了chatGPT没有呢?!,Ai is not,102,https://www.xiaohongshu.com/search_result/668a49bd000000001c0253a8?xsec_token=ABdG7fhNtiLA6g9SqtGMedfpPyITEHIkS_WUDb7GVyO4E=&xsec_source=
6a4c4163000000001101f8f1,ABAXwJZZTD5BXuPjwM_LrzeVC7kp2dSxAkRakx9b7HMAQ=,ChatGPT for PPT 在全球范围向所有套餐推出,雨的 AI 笔记,262,https://www.xiaohongshu.com/search_result/6a4c4163000000001101f8f1?xsec_token=ABAXwJZZTD5BXuPjwM_LrzeVC7kp2dSxAkRakx9b7HMAQ=&xsec_source=
6a468a3000000000210216f8,ABudR29VLF033-ZjfNxYJRJ6RK5Z11_izFxW7elMFaJLE=,为什么我们可以带官方票据,Leekk,1,https://www.xiaohongshu.com/search_result/6a468a3000000000210216f8?xsec_token=ABudR29VLF033-ZjfNxYJRJ6RK5Z11_izFxW7elMFaJLE=&xsec_source=
69882f15000000000c034dea,ABTSGvhDZnXacU17dpyQuz1FwVFq0Th8_V79cy1tNi9fg=,chatgpt plus无需境外银行卡一个月试用,莫栗莫栗,6,https://www.xiaohongshu.com/search_result/69882f15000000000c034dea?xsec_token=ABTSGvhDZnXacU17dpyQuz1FwVFq0Th8_V79cy1tNi9fg=&xsec_source=
6a4bb18200000000060355b0,ABQZGHPekp6dvTmZAZpkNYUwrBWv-O7HnEmWoGBJa3Ug4=,chatgpt,迎风来,1,https://www.xiaohongshu.com/search_result/6a4bb18200000000060355b0?xsec_token=ABQZGHPekp6dvTmZAZpkNYUwrBWv-O7HnEmWoGBJa3Ug4=&xsec_source=
6a26c3ef000000002201bf78,ABbBnvAD4v_UyIHORSrFYvfKdo96Et99sDZypAZL5ZK1c=,这个韩女指令出来我流猪泪了呀,小浣熊🍜,1347,https://www.xiaohongshu.com/search_result/6a26c3ef000000002201bf78?xsec_token=ABbBnvAD4v_UyIHORSrFYvfKdo96Et99sDZypAZL5ZK1c=&xsec_source=
6a4b63c3000000001003c6a6,ABQZGHPekp6dvTmZAZpkNYU5AtDKSDypK9TVunNpcVGNM=,chatgpt王朝来啦,coding boy,2,https://www.xiaohongshu.com/search_result/6a4b63c3000000001003c6a6?xsec_token=ABQZGHPekp6dvTmZAZpkNYU5AtDKSDypK9TVunNpcVGNM=&xsec_source=
6a4b661b000000001101b480,ABQZGHPekp6dvTmZAZpkNYUzntyGV5w5wEFWab1P5KUdQ=,✅GPT Plus订阅｜正规🉑查,Plus订阅充值,0,https://www.xiaohongshu.com/search_result/6a4b661b000000001101b480?xsec_token=ABQZGHPekp6dvTmZAZpkNYUzntyGV5w5wEFWab1P5KUdQ=&xsec_source=
6a4c7618000000001702d8f9,ABAXwJZZTD5BXuPjwM_Lrzeb0OO2CEEXi9j3sTyr-RkhQ=,用了AI效率反而更低？3个误区！,阿博的科技圈,1,https://www.xiaohongshu.com/search_result/6a4c7618000000001702d8f9?xsec_token=ABAXwJZZTD5BXuPjwM_Lrzeb0OO2CEEXi9j3sTyr-RkhQ=&xsec_source=
670e2d0d000000001600f3c4,ABbXxuNIm1oBKX-ZpXFYPx1toQ25W8_3pMQqPt0XPj-5E=,10月更新ChatGTP的从0到精通学习指南！,丁戈的AIGC进阶实操,11,https://www.xiaohongshu.com/search_result/670e2d0d000000001600f3c4?xsec_token=ABbXxuNIm1oBKX-ZpXFYPx1toQ25W8_3pMQqPt0XPj-5E=&xsec_source=
67387fa0000000001b01011a,AB7862nhHIiqsIjpY2izwafcbAA44iDoT_WY5Jfj7I_us=,OpenAI发布Windows版ChatGPT，语音功能上线,AI骑士,6,https://www.xiaohongshu.com/search_result/67387fa0000000001b01011a?xsec_token=AB7862nhHIiqsIjpY2izwafcbAA44iDoT_WY5Jfj7I_us=&xsec_source=
6a0fef7b00000000370362c3,ABJD0dsZpBUGfqQvmckuq3itJBj3kfzhLRvHvbcmATxkY=,低价gpt plus都搜不到了,kk,132,https://www.xiaohongshu.com/search_result/6a0fef7b00000000370362c3?xsec_token=ABJD0dsZpBUGfqQvmckuq3itJBj3kfzhLRvHvbcmATxkY=&xsec_source=
6a187f54000000000803d75c,ABBMH-4IOsBojBgWiH2fH4Ly7Y0JJ-gPDSMu5TihD2KcY=,之前一直20刀自己订阅，真是太傻了,小天,133,https://www.xiaohongshu.com/search_result/6a187f54000000000803d75c?xsec_token=ABBMH-4IOsBojBgWiH2fH4Ly7Y0JJ-gPDSMu5TihD2KcY=&xsec_source=
6a01f6e00000000035025d66,ABzcfkrYbUHAY4w_ixP8UyWtWQuTp-mhNeE6ZMecC0SlY=,难道还有宝子不会升级gptplus吗？,ai工具好搭子,5,https://www.xiaohongshu.com/search_result/6a01f6e00000000035025d66?xsec_token=ABzcfkrYbUHAY4w_ixP8UyWtWQuTp-mhNeE6ZMecC0SlY=&xsec_source=
69d5e0b10000000023011315,ABMgHihXv2cjpMFoM8PO4VY-Q6IwsjrlaDyEPZXOUKMik=,55每月gpt太香了！,九月,2,https://www.xiaohongshu.com/search_result/69d5e0b10000000023011315?xsec_token=ABMgHihXv2cjpMFoM8PO4VY-Q6IwsjrlaDyEPZXOUKMik=&xsec_source=
69d00fda000000001a028490,ABHt0EAAj8eHaFvdMCytuDwmXZMsrWRXK4oZKV1SrfPDo=,为什么越来越多人开始开通 ChatGPT Plus,1121m,2,https://www.xiaohongshu.com/search_result/69d00fda000000001a028490?xsec_token=ABHt0EAAj8eHaFvdMCytuDwmXZMsrWRXK4oZKV1SrfPDo=&xsec_source=
6a4c7261000000000803c679,ABAXwJZZTD5BXuPjwM_LrzeUouElS8_aJZIjlbBXtV8CI=,ChatGPT隐藏5大功能🔥90% 的人只会聊天！,老农 API,2,https://www.xiaohongshu.com/search_result/6a4c7261000000000803c679?xsec_token=ABAXwJZZTD5BXuPjwM_LrzeUouElS8_aJZIjlbBXtV8CI=&xsec_source=
6a25201500000000200385f9,AB6KXwkRsH1k7eIgRsPaTYy6EkP9W_Y4pUFTMoQbHohxc=,ChatGPT Ads效果来了！,谷歌广告小西瓜,9,https://www.xiaohongshu.com/search_result/6a25201500000000200385f9?xsec_token=AB6KXwkRsH1k7eIgRsPaTYy6EkP9W_Y4pUFTMoQbHohxc=&xsec_source=
68188b61000000000f033c5c,AB1O4ImQJ4tHqEgAEa3wZBKOKLxj_OLwU1yU2Hqsb5ufs=,免费 ChatGPT Plus 倒计时！⏳ 5月底截止！,小黑挖金机,4,https://www.xiaohongshu.com/search_result/68188b61000000000f033c5c?xsec_token=AB1O4ImQJ4tHqEgAEa3wZBKOKLxj_OLwU1yU2Hqsb5ufs=&xsec_source=
69df7fab000000001a0333c0,ABBiGbhQN8Cp_lvNrscH2b82xmWOH4jYyvWhI5DFndacc=,开GPT用不了国内visa卡？直接说结论,GPT-AI中心,42,https://www.xiaohongshu.com/search_result/69df7fab000000001a0333c0?xsec_token=ABBiGbhQN8Cp_lvNrscH2b82xmWOH4jYyvWhI5DFndacc=&xsec_source=
6a36878600000000210236e9,ABQVxekixr86lc7JXXlxJmlVCFP8DGQWMksYv-Sdp2aWo=,GPT Plus 充值看这里,贪吃的富婆苗子,3,https://www.xiaohongshu.com/search_result/6a36878600000000210236e9?xsec_token=ABQVxekixr86lc7JXXlxJmlVCFP8DGQWMksYv-Sdp2aWo=&xsec_source=
6a0427f600000000080324a2,ABEdb0ld6G0pb1wvp0ky7-yeFBwB5UbivRlH2Bo-VZfW4=,ChatGPT5.5 已更新，科研指令大全分享,小易学姐,3,https://www.xiaohongshu.com/search_result/6a0427f600000000080324a2?xsec_token=ABEdb0ld6G0pb1wvp0ky7-yeFBwB5UbivRlH2Bo-VZfW4=&xsec_source=
6a1d78e5000000003601c86d,AB7hu4_RZQnKhqiZOBkGtPq1sA5OEjVC4KdtFUQN_0KxU=,终于成功拥有ChatGpt Plus 会员啦！！,TcT,52,https://www.xiaohongshu.com/search_result/6a1d78e5000000003601c86d?xsec_token=AB7hu4_RZQnKhqiZOBkGtPq1sA5OEjVC4KdtFUQN_0KxU=&xsec_source=
69ecd3a4000000003503175b,ABx8tsmzdWhG8FEe6vGVHbPulT_ksJ4wyUIlsdfZS1b1g=,ChatGPT订阅折腾了两年，我的结论,知识产权何律,0,https://www.xiaohongshu.com/search_result/69ecd3a4000000003503175b?xsec_token=ABx8tsmzdWhG8FEe6vGVHbPulT_ksJ4wyUIlsdfZS1b1g=&xsec_source=
6a4caace000000000f03151c,ABAXwJZZTD5BXuPjwM_LrzecHyvzKsEeM9Pis8cbdj8BQ=,ChatGPT隐藏5大功能🔥90% 的人只会聊天！,亿万的朋友圈,0,https://www.xiaohongshu.com/search_result/6a4caace000000000f03151c?xsec_token=ABAXwJZZTD5BXuPjwM_LrzecHyvzKsEeM9Pis8cbdj8BQ=&xsec_source=
69d8b1e3000000001a027073,ABn2T-C6GAAfaHidPHV5k-SmaIJrumwQM4YDhcvU9Du-U=,一点社媒没做，靠ChatGPT找客户，一天询盘100,Grace,47,https://www.xiaohongshu.com/search_result/69d8b1e3000000001a027073?xsec_token=ABn2T-C6GAAfaHidPHV5k-SmaIJrumwQM4YDhcvU9Du-U=&xsec_source=
6a09ce45000000003601b6bb,ABe5ujwxI3O4y0TxI_mSUXl6LMRUaLQ95DPjKrzKXxdnc=,ChatGPT封号看似无解，却也能尽量避免！,GPT升级中心,5,https://www.xiaohongshu.com/search_result/6a09ce45000000003601b6bb?xsec_token=ABe5ujwxI3O4y0TxI_mSUXl6LMRUaLQ95DPjKrzKXxdnc=&xsec_source=
6a44945c0000000006031abe,ABmGjY8SG5EAios5oaGDt0ci582R5XMoQ070ETqWbHYk8=,Gpt代充独享Plus！支持开发票，走官网直充也,Kimi2的小店,3,https://www.xiaohongshu.com/search_result/6a44945c0000000006031abe?xsec_token=ABmGjY8SG5EAios5oaGDt0ci582R5XMoQ070ETqWbHYk8=&xsec_source=
6a27b37b000000000702f9a7,ABM837ObELYC4cQLlOhebl6bh1uozfFMEs2bo9Y_VdQXU=,ChatGPT Plus竟然可以免费领一个月,0xLany,50,https://www.xiaohongshu.com/search_result/6a27b37b000000000702f9a7?xsec_token=ABM837ObELYC4cQLlOhebl6bh1uozfFMEs2bo9Y_VdQXU=&xsec_source=
69f1b2ab0000000038035229,AB8Cajz8BoAj86wzwe2LGN7jdJ7Ml_-9zh1AnI0-aNXMs=,花 160 就能开通 chatgpt plus 啦,不吃蛋挞啊,6,https://www.xiaohongshu.com/search_result/69f1b2ab0000000038035229?xsec_token=AB8Cajz8BoAj86wzwe2LGN7jdJ7Ml_-9zh1AnI0-aNXMs=&xsec_source=
6a335a4d0000000022015f7b,AB48Y0WkYQCgszDDQA2niP7S-zlH5TAWuXDrzwJYh67wc=,开通chatgpt plus啦！网上刷到各式各样的教,Kimi2的小店,107,https://www.xiaohongshu.com/search_result/6a335a4d0000000022015f7b?xsec_token=AB48Y0WkYQCgszDDQA2niP7S-zlH5TAWuXDrzwJYh67wc=&xsec_source=
6a4b55b8000000000f01605e,ABQZGHPekp6dvTmZAZpkNYUyT3YUpEGahLq5vz1PbW-oI=,GTP Plus订阅 一分钟搞定！包售后！,智能ai教学,2,https://www.xiaohongshu.com/search_result/6a4b55b8000000000f01605e?xsec_token=ABQZGHPekp6dvTmZAZpkNYUyT3YUpEGahLq5vz1PbW-oI=&xsec_source=
6a4b3382000000000f01d0b4,ABQZGHPekp6dvTmZAZpkNYU0Z8INjsW0SjitVAfpisT0E=,ChatGPT进不去？一篇帮你理清（新手必看）,喵喵姐（Ai版）,1,https://www.xiaohongshu.com/search_result/6a4b3382000000000f01d0b4?xsec_token=ABQZGHPekp6dvTmZAZpkNYU0Z8INjsW0SjitVAfpisT0E=&xsec_source=
6a3f79cb000000000f006f7b,ABO8dsHcC7UJnW3NFM2DoxKedumYBd9vv9G6AA2RCsLe0=,Gpt plus升级只需148！！！,AI小蜜薯,22,https://www.xiaohongshu.com/search_result/6a3f79cb000000000f006f7b?xsec_token=ABO8dsHcC7UJnW3NFM2DoxKedumYBd9vv9G6AA2RCsLe0=&xsec_source=
6a462c02000000001503d2ab,ABudR29VLF033-ZjfNxYJRJxxEYKbnNxpCQevhbafBBAg=,Gpt代充独享Plus！支持开发票，走官网直充也,Kimi2的小店,0,https://www.xiaohongshu.com/search_result/6a462c02000000001503d2ab?xsec_token=ABudR29VLF033-ZjfNxYJRJxxEYKbnNxpCQevhbafBBAg=&xsec_source=
6a44edd1000000001c024c9f,ABmGjY8SG5EAios5oaGDt0cpi_JS6QM8fmS-J1Qt58vhs=,Chat Gpt plus升级只需1️⃣6️⃣5️⃣❗️,AI供货,6,https://www.xiaohongshu.com/search_result/6a44edd1000000001c024c9f?xsec_token=ABmGjY8SG5EAios5oaGDt0cpi_JS6QM8fmS-J1Qt58vhs=&xsec_source=
6a3ce3cd000000001101f6cb,ABdrNoaizMKsPAFsOTvIkGGGL_9faAYsRWWuhB0yZZnxI=,Chatgpt5.5,好来运,1,https://www.xiaohongshu.com/search_result/6a3ce3cd000000001101f6cb?xsec_token=ABdrNoaizMKsPAFsOTvIkGGGL_9faAYsRWWuhB0yZZnxI=&xsec_source=
6a1e5973000000000803d07b,ABVG_b5vKSwX2YCkh9Nti-lJV6Vw_tMIcwlXTr3RNPvH0=,会员...省心版，正规靠谱,Ai小小🐷,2,https://www.xiaohongshu.com/search_result/6a1e5973000000000803d07b?xsec_token=ABVG_b5vKSwX2YCkh9Nti-lJV6Vw_tMIcwlXTr3RNPvH0=&xsec_source=
69ec619c000000003600263c,ABx8tsmzdWhG8FEe6vGVHbPs0AWL19Gf-Fo-xwngGl2X4=,Gpt订阅plus 175,Lucky socks,22,https://www.xiaohongshu.com/search_result/69ec619c000000003600263c?xsec_token=ABx8tsmzdWhG8FEe6vGVHbPs0AWL19Gf-Fo-xwngGl2X4=&xsec_source=
6a41271e000000001503fe48,AB1YsF2XknA9ycUp-36SStCoRml43aCcsc4HcVox3BO0E=,gpt会员充值真的要认准正规方式,不吃蛋挞啊,34,https://www.xiaohongshu.com/search_result/6a41271e000000001503fe48?xsec_token=AB1YsF2XknA9ycUp-36SStCoRml43aCcsc4HcVox3BO0E=&xsec_source=
6a096d2900000000060321e4,ABe5ujwxI3O4y0TxI_mSUXl82w74nDTeK-lociLAnc8hg=,GPT使用流程整理,阿秋学长,51,https://www.xiaohongshu.com/search_result/6a096d2900000000060321e4?xsec_token=ABe5ujwxI3O4y0TxI_mSUXl82w74nDTeK-lociLAnc8hg=&xsec_source=
69da6a53000000001f000e33,ABMIBHkdWHj3uSshBU6bh6PQZEZcWLFrP47x9QL1TewY0=,chatgpt充值会员plus官方直充pro,Ai Open,0,https://www.xiaohongshu.com/search_result/69da6a53000000001f000e33?xsec_token=ABMIBHkdWHj3uSshBU6bh6PQZEZcWLFrP47x9QL1TewY0=&xsec_source=
6a489f4000000000110079b5,ABK8L8Oh1ENtuTFi_ydNCNbiBI1Ac0mjQtvpN00o08yL8=,GPT Plus/Pro 开通安排！✅GPT Plus/Pro,Gm小咪,0,https://www.xiaohongshu.com/search_result/6a489f4000000000110079b5?xsec_token=ABK8L8Oh1ENtuTFi_ydNCNbiBI1Ac0mjQtvpN00o08yL8=&xsec_source=
6927b3ae000000000d0353b4,ABWh-9cWRxoOoA6TNUnduX_P7amEbW3j1TLQaoPzrmYWo=,ChatGPT使用指南1,杏仁豆腐,1,https://www.xiaohongshu.com/search_result/6927b3ae000000000d0353b4?xsec_token=ABWh-9cWRxoOoA6TNUnduX_P7amEbW3j1TLQaoPzrmYWo=&xsec_source=
6a33b0a700000000070105e3,AB48Y0WkYQCgszDDQA2niP7W8x0OGWYkStR2atE5HN1WI=,chat GPT会员plus充值官方订阅直充付费,Ai慕瑶,0,https://www.xiaohongshu.com/search_result/6a33b0a700000000070105e3?xsec_token=AB48Y0WkYQCgszDDQA2niP7W8x0OGWYkStR2atE5HN1WI=&xsec_source=
6a00233b00000000060378a5,ABKpDg8gHFPOVGgLrBwm4MBtJXEvSkcEGwrHcUQ4OvpxE=,Go 和 Plis怎么选？,阿秋学长,7,https://www.xiaohongshu.com/search_result/6a00233b00000000060378a5?xsec_token=ABKpDg8gHFPOVGgLrBwm4MBtJXEvSkcEGwrHcUQ4OvpxE=&xsec_source=
6a4636450000000016025892,ABudR29VLF033-ZjfNxYJRJ-HDl8h8Mm0_RYt9Jhk23xU=,ChatGPT会员代充 带质保 一分钟搞定,星星,0,https://www.xiaohongshu.com/search_result/6a4636450000000016025892?xsec_token=ABudR29VLF033-ZjfNxYJRJ-HDl8h8Mm0_RYt9Jhk23xU=&xsec_source=
68ebb62c000000000303abc9,ABzNUN2tV8KyCu_Fr9DMvONyl_EZ7MNOHNX76FTmtPHRE=,是谁还没有用上最新版ChatGPT？,杏仁豆腐,10,https://www.xiaohongshu.com/search_result/68ebb62c000000000303abc9?xsec_token=ABzNUN2tV8KyCu_Fr9DMvONyl_EZ7MNOHNX76FTmtPHRE=&xsec_source=
6a49a682000000001700a46b,ABlkp3KgOEi2XYkpvcp4Y0PATQ8gLEqihqqAwh8LyXtBE=,ChatGPT PLUS如何快速充值🐶,KIRO｜AI Creator,1,https://www.xiaohongshu.com/search_result/6a49a682000000001700a46b?xsec_token=ABlkp3KgOEi2XYkpvcp4Y0PATQ8gLEqihqqAwh8LyXtBE=&xsec_source=
6a0452e30000000038023b72,ABEdb0ld6G0pb1wvp0ky7-yYPRCUMjlYvAPqfwVCfAc0M=,你感受到了吗？,就是大聪明乐,5,https://www.xiaohongshu.com/search_result/6a0452e30000000038023b72?xsec_token=ABEdb0ld6G0pb1wvp0ky7-yYPRCUMjlYvAPqfwVCfAc0M=&xsec_source=
6a3a17420000000022019456,AB0jYy-TVXAM8NHW_rX0hP7WpluuD1prVNQ9ca_vbFdxA=,chatgptplus会员特惠,不吃香菜,0,https://www.xiaohongshu.com/search_result/6a3a17420000000022019456?xsec_token=AB0jYy-TVXAM8NHW_rX0hP7WpluuD1prVNQ9ca_vbFdxA=&xsec_source=
6a0147a400000000070276fa,ABzcfkrYbUHAY4w_ixP8UyWsoIbxYDGAYC9VzHMP_jrG8=,Plus 一个月体验到底值不值？,阿秋学长,39,https://www.xiaohongshu.com/search_result/6a0147a400000000070276fa?xsec_token=ABzcfkrYbUHAY4w_ixP8UyWsoIbxYDGAYC9VzHMP_jrG8=&xsec_source=
6a2939c3000000001603d83f,AB6WMgFJWT5qD5i9FSzT3GcF_mUwjj37MB-5DeoXMYAik=,ChatGPT会员(plus/pro)特惠,森森爱吃鱼,67,https://www.xiaohongshu.com/search_result/6a2939c3000000001603d83f?xsec_token=AB6WMgFJWT5qD5i9FSzT3GcF_mUwjj37MB-5DeoXMYAik=&xsec_source=
6a48cf3e0000000016024578,ABK8L8Oh1ENtuTFi_ydNCNbuFmSpQymDjjO1SpsCo99Cs=,ChatGPT PLUS如何快速充值🐶,Synthera,0,https://www.xiaohongshu.com/search_result/6a48cf3e0000000016024578?xsec_token=ABK8L8Oh1ENtuTFi_ydNCNbuFmSpQymDjjO1SpsCo99Cs=&xsec_source=
6a1ef27000000000360192f1,ABVG_b5vKSwX2YCkh9Nti-lI7CMUEPTfDWuoSn_YE2pTE=,ChatGPT Plus会员，官方直充，180一一个,momo,26,https://www.xiaohongshu.com/search_result/6a1ef27000000000360192f1?xsec_token=ABVG_b5vKSwX2YCkh9Nti-lI7CMUEPTfDWuoSn_YE2pTE=&xsec_source=
6a48dec0000000001700a197,ABK8L8Oh1ENtuTFi_ydNCNbuMIrdcqcpp3o1m8TfU37BQ=,想要用起来稳定一点的 chatgpt plus 会员,不吃蛋挞啊,0,https://www.xiaohongshu.com/search_result/6a48dec0000000001700a197?xsec_token=ABK8L8Oh1ENtuTFi_ydNCNbuMIrdcqcpp3o1m8TfU37BQ=&xsec_source=
6a4905f5000000001603daf3,ABlkp3KgOEi2XYkpvcp4Y0PFREdD1wfnQcpSEBmSoTQaI=,ChatGPT使用指南1,杏仁豆腐,1,https://www.xiaohongshu.com/search_result/6a4905f5000000001603daf3?xsec_token=ABlkp3KgOEi2XYkpvcp4Y0PFREdD1wfnQcpSEBmSoTQaI=&xsec_source=
6a424db90000000017029794,ABfXdD67U9gu7DHgpIgiCUrICja8Fww7E0ai6_h91ESsg=,GPT plus充值,范范,0,https://www.xiaohongshu.com/search_result/6a424db90000000017029794?xsec_token=ABfXdD67U9gu7DHgpIgiCUrICja8Fww7E0ai6_h91ESsg=&xsec_source=
69771bfd000000000e00e526,ABh5u9jCM25KejGCDftD8NEILn20FkSiwHaomqaTtMfl4=,镜像怎么用！跟官网有什么区别！,一月了,415,https://www.xiaohongshu.com/search_result/69771bfd000000000e00e526?xsec_token=ABh5u9jCM25KejGCDftD8NEILn20FkSiwHaomqaTtMfl4=&xsec_source=
6a45f28a00000000070286b4,AB4DUM7YxsT2jIc7S9olLWHoaZGZdMqhRDe0XWcdU4Bzk=,chatGPT会员升级plus充值订阅服务官方直充,GPT小奈绪,0,https://www.xiaohongshu.com/search_result/6a45f28a00000000070286b4?xsec_token=AB4DUM7YxsT2jIc7S9olLWHoaZGZdMqhRDe0XWcdU4Bzk=&xsec_source=
6a3a48780000000011010fdd,AB0jYy-TVXAM8NHW_rX0hP7ZeKipeswp2SRgialFrZprw=,个人独享gptplus,gpt正版代充,5,https://www.xiaohongshu.com/search_result/6a3a48780000000011010fdd?xsec_token=AB0jYy-TVXAM8NHW_rX0hP7ZeKipeswp2SRgialFrZprw=&xsec_source=
6a45d13c0000000007022fb7,AB4DUM7YxsT2jIc7S9olLWHowmcozxNzA6nJfhes84SUY=,ChatGPT/Codex 正规开通，直接到你账号 Plus,Kimi2的小店,1,https://www.xiaohongshu.com/search_result/6a45d13c0000000007022fb7?xsec_token=AB4DUM7YxsT2jIc7S9olLWHowmcozxNzA6nJfhes84SUY=&xsec_source=
6a11cd790000000007028bbb,ABWlda6xjwgCOdf3wERtdfhYsuH5EzPuI6WQ8o6lYGjqY=,2026 AI流量大洗牌🔥ChatGPT还是第一？,Ai小小🐷,1,https://www.xiaohongshu.com/search_result/6a11cd790000000007028bbb?xsec_token=ABWlda6xjwgCOdf3wERtdfhYsuH5EzPuI6WQ8o6lYGjqY=&xsec_source=
6a37db1f0000000021014636,ABw-i-rQ6LZQdpfUTQNQuNDQKkDnPSDoll-6w0zKISu4g=,正规 GPT Plus 开通！,uuuuuu,0,https://www.xiaohongshu.com/search_result/6a37db1f0000000021014636?xsec_token=ABw-i-rQ6LZQdpfUTQNQuNDQKkDnPSDoll-6w0zKISu4g=&xsec_source=
6a48b0c5000000001702bfc5,ABK8L8Oh1ENtuTFi_ydNCNbglmE8bnkZeLtloWET9L30E=,Chatgpt/Codex plus直充你号，正规开通,一杯拿铁,3,https://www.xiaohongshu.com/search_result/6a48b0c5000000001702bfc5?xsec_token=ABK8L8Oh1ENtuTFi_ydNCNbglmE8bnkZeLtloWET9L30E=&xsec_source=
6a38ee33000000002101922e,ABkXZ55_wAERM_tBJnj6Sm8Fs-tyUimhuz25wwSke7Hxw=,chatGPT升级plus会员官方直充充值订阅,GPT小奈绪,0,https://www.xiaohongshu.com/search_result/6a38ee33000000002101922e?xsec_token=ABkXZ55_wAERM_tBJnj6Sm8Fs-tyUimhuz25wwSke7Hxw=&xsec_source=
6a4afa16000000001700bf45,AB_9E3NTrxRTUX116_MaWp1jJdJYlDtXZpw3CKZyCrCdA=,gpt plus官fang直充 全程质保 稳如老狗,AI供货,0,https://www.xiaohongshu.com/search_result/6a4afa16000000001700bf45?xsec_token=AB_9E3NTrxRTUX116_MaWp1jJdJYlDtXZpw3CKZyCrCdA=&xsec_source=
69d9bdca000000001d01af54,ABkTHowJfC2801Yn586G8-wkJ4-3umwT3hBgluHYgIyfY=,chatgpt会员pro5x（100美元）上线了…,技术宅,48,https://www.xiaohongshu.com/search_result/69d9bdca000000001d01af54?xsec_token=ABkTHowJfC2801Yn586G8-wkJ4-3umwT3hBgluHYgIyfY=&xsec_source=
6a1eef79000000000802539b,ABVG_b5vKSwX2YCkh9Nti-lJlJogkrkwErrbYIsZ5T2Eg=,chat怎么能用到？其实卡点就这几个,阿秋学长,1,https://www.xiaohongshu.com/search_result/6a1eef79000000000802539b?xsec_token=ABVG_b5vKSwX2YCkh9Nti-lJlJogkrkwErrbYIsZ5T2Eg=&xsec_source=
69c5498e0000000023017a37,ABJOA3CYFIqCLNHexZHeNnu-y6nP98CcW2cL-_T-hQde4=,不掉订阅！稳定 ChatGPT Plus 在这里,小幺Ai,36,https://www.xiaohongshu.com/search_result/69c5498e0000000023017a37?xsec_token=ABJOA3CYFIqCLNHexZHeNnu-y6nP98CcW2cL-_T-hQde4=&xsec_source=
6a1268c800000000380233bb,ABi0o9LArOuqKam2b7LA0I4RgQokQjnCGYkiwIpE8o-jk=,puls袋充值,ai小子,1,https://www.xiaohongshu.com/search_result/6a1268c800000000380233bb?xsec_token=ABi0o9LArOuqKam2b7LA0I4RgQokQjnCGYkiwIpE8o-jk=&xsec_source=
6a27a3670000000007010ba4,ABM837ObELYC4cQLlOhebl6dI2LCLsP0b0_9vUBkNucvk=,🔥ChatGPT Plus代充特惠｜月度仅需158,程序猿101号,25,https://www.xiaohongshu.com/search_result/6a27a3670000000007010ba4?xsec_token=ABM837ObELYC4cQLlOhebl6dI2LCLsP0b0_9vUBkNucvk=&xsec_source=
6a3f97220000000011004d0c,ABO8dsHcC7UJnW3NFM2DoxKYArRgDKDacPIz5J6eoRQaQ=,ChatGPT Plus新老客户会员专车开团！,吃点稀饭,2,https://www.xiaohongshu.com/search_result/6a3f97220000000011004d0c?xsec_token=ABO8dsHcC7UJnW3NFM2DoxKYArRgDKDacPIz5J6eoRQaQ=&xsec_source=
6a268bb40000000017029ecb,ABbBnvAD4v_UyIHORSrFYvfGLTeuufVWyaCycgxthnR0Q=,chat Plus官方直充！188/月 5分钟开通,范范,0,https://www.xiaohongshu.com/search_result/6a268bb40000000017029ecb?xsec_token=ABbBnvAD4v_UyIHORSrFYvfGLTeuufVWyaCycgxthnR0Q=&xsec_source=
6a2a31cb00000000170288ad,ABeGOaQCNVB-VyRgNUa5Ur4fmqw0hHdyaYo84BqRleqOA=,ChatGPT会员(plus/pro)直冲,momo Al,27,https://www.xiaohongshu.com/search_result/6a2a31cb00000000170288ad?xsec_token=ABeGOaQCNVB-VyRgNUa5Ur4fmqw0hHdyaYo84BqRleqOA=&xsec_source=
69b7cc020000000023025368,ABpCWZJzQnG96JjfaA2GAdPlFK7SvQb_VrdZhnWHKemAA=,Chatgptplus,Plus升级服务,5,https://www.xiaohongshu.com/search_result/69b7cc020000000023025368?xsec_token=ABpCWZJzQnG96JjfaA2GAdPlFK7SvQb_VrdZhnWHKemAA=&xsec_source=
69dedc6e000000001f00021e,ABtIN4aBvqA5Vl8BFqZ0hJaQDXhG3d2LG-nRizOJVqfvM=,chatgpt plus Pro go特价…,AI摆地摊,1,https://www.xiaohongshu.com/search_result/69dedc6e000000001f00021e?xsec_token=ABtIN4aBvqA5Vl8BFqZ0hJaQDXhG3d2LG-nRizOJVqfvM=&xsec_source=
6a472e1300000000210090ee,ABc_7FZ-Sp3SqGqdP22hmEv5aYdGebactgDngUJiL-L70=,他简直把我们当小孩教Cloude Code,小杨的程序员日记,3,https://www.xiaohongshu.com/search_result/6a472e1300000000210090ee?xsec_token=ABc_7FZ-Sp3SqGqdP22hmEv5aYdGebactgDngUJiL-L70=&xsec_source=
6a49a5240000000022017d4d,ABlkp3KgOEi2XYkpvcp4Y0PJM6PvQcCikwaSeddbeNxqo=,ChatGPT PLUS如何快速充值🐶,小G PLUS,2,https://www.xiaohongshu.com/search_result/6a49a5240000000022017d4d?xsec_token=ABlkp3KgOEi2XYkpvcp4Y0PJM6PvQcCikwaSeddbeNxqo=&xsec_source=
6a01ad3400000000350208a9,ABzcfkrYbUHAY4w_ixP8UyWh6_6KHJZqd3v15jKVbxG7w=,GPT Plus开通问这几个,waqqqqqq,4,https://www.xiaohongshu.com/search_result/6a01ad3400000000350208a9?xsec_token=ABzcfkrYbUHAY4w_ixP8UyWh6_6KHJZqd3v15jKVbxG7w=&xsec_source=
6a17caaf00000000060343ce,ABqGtfqMwvmx5sAVZM_YJBI4vuoHqmQi8k_wY5MAP7wCM=,新手怎么用ChatGPT？,阿秋学长,3,https://www.xiaohongshu.com/search_result/6a17caaf00000000060343ce?xsec_token=ABqGtfqMwvmx5sAVZM_YJBI4vuoHqmQi8k_wY5MAP7wCM=&xsec_source=
6a33b3c20000000017008141,AB48Y0WkYQCgszDDQA2niP7bm6wdmdqat0jaas8MBtuis=,官方订阅chatgpt会员！,Synthera,2,https://www.xiaohongshu.com/search_result/6a33b3c20000000017008141?xsec_token=AB48Y0WkYQCgszDDQA2niP7bm6wdmdqat0jaas8MBtuis=&xsec_source=
6a0d4943000000003700ec45,ABuIbr9LjQvgZgvb7BvCUfplm_Fanhtd-2Ha9uvlp3q3E=,Plus/Pro/Go都已准备好，按需求选,小幺Ai,4,https://www.xiaohongshu.com/search_result/6a0d4943000000003700ec45?xsec_token=ABuIbr9LjQvgZgvb7BvCUfplm_Fanhtd-2Ha9uvlp3q3E=&xsec_source=
6a32df52000000001702cd41,ABcmm3JuensqMnBl8edMmf-oH4O8MvhRp2XkNGxxEXboc=,GPT Plus go pro 都能安排👏,一杯拿铁,8,https://www.xiaohongshu.com/search_result/6a32df52000000001702cd41?xsec_token=ABcmm3JuensqMnBl8edMmf-oH4O8MvhRp2XkNGxxEXboc=&xsec_source=
69fda0790000000022026b77,ABFFPpaAXPVJmdQhzmj6Fk5u8nh0IPDW1nJQtugqAFEu4=,chatgpt会员充值plus官方直充订阅升级,Ai Open,4,https://www.xiaohongshu.com/search_result/69fda0790000000022026b77?xsec_token=ABFFPpaAXPVJmdQhzmj6Fk5u8nh0IPDW1nJQtugqAFEu4=&xsec_source=
6a127735000000003700ecb5,ABi0o9LArOuqKam2b7LA0I4V_mWrFZgpGHgwv58WzSc8E=,还有新贵没用上gpt会员的吗🥲,momo Al,2,https://www.xiaohongshu.com/search_result/6a127735000000003700ecb5?xsec_token=ABi0o9LArOuqKam2b7LA0I4V_mWrFZgpGHgwv58WzSc8E=&xsec_source=
6a1aa02b000000000702c15e,ABAbLSKQLDqG8iotOCcLDl22C5a-LrGdB6uW4q1Hr1H5g=,GPT会员充值内幕⚠️别再被坑了,程序猿101号,0,https://www.xiaohongshu.com/search_result/6a1aa02b000000000702c15e?xsec_token=ABAbLSKQLDqG8iotOCcLDl22C5a-LrGdB6uW4q1Hr1H5g=&xsec_source=
6a0fdb6800000000350251bc,ABJD0dsZpBUGfqQvmckuq3ikiyKu4aqIYTdAhlrT8Rs3k=,稳如🐶的chatgpt会员plus…,技术宅,44,https://www.xiaohongshu.com/search_result/6a0fdb6800000000350251bc?xsec_token=ABJD0dsZpBUGfqQvmckuq3ikiyKu4aqIYTdAhlrT8Rs3k=&xsec_source=
6a057f500000000035023695,AB09KdV9Cv7zrLAgK4HLleieVvM3L2HECzhqbvtN0nLZU=,PLUS如何零风险搞定？🤝,技术宅,34,https://www.xiaohongshu.com/search_result/6a057f500000000035023695?xsec_token=AB09KdV9Cv7zrLAgK4HLleieVvM3L2HECzhqbvtN0nLZU=&xsec_source=
6a1fef2900000000070265c4,ABfFKOncvpnpyk4MWS6T9MZOW7O7aIHK9zY_fb-QrYd74=,Plus便宜又不稳，封一次全白费专业代充,程序猿101号,0,https://www.xiaohongshu.com/search_result/6a1fef2900000000070265c4?xsec_token=ABfFKOncvpnpyk4MWS6T9MZOW7O7aIHK9zY_fb-QrYd74=&xsec_source=
678d1180000000000a004a18,ABq6-rY1xKMAKszFypBvDOr6oICOZy0SLwBS06VroWGh8=,入行AI产品经理掌握这些技术知识就够了,进击的巨鸭ai产品版,3430,https://www.xiaohongshu.com/search_result/678d1180000000000a004a18?xsec_token=ABq6-rY1xKMAKszFypBvDOr6oICOZy0SLwBS06VroWGh8=&xsec_source=
6972e973000000002200882b,ABnMriT3BDQHVm0xwVJDgUoBN6dT9twTRQI4bSKW8gkTE=,别折腾你的信用卡了，ChatGPT Plus 试用我,码上全栈创享家,1,https://www.xiaohongshu.com/search_result/6972e973000000002200882b?xsec_token=ABnMriT3BDQHVm0xwVJDgUoBN6dT9twTRQI4bSKW8gkTE=&xsec_source=
68e77868000000000300c324,ABa3OeqEjLXxEV4tZW4_j9Lk2cl35qJhhGNT7r1XRTu7M=,🔥Grok订阅后才有的神级功能！代充/成品号速,马丁网易Ai商店,1,https://www.xiaohongshu.com/search_result/68e77868000000000300c324?xsec_token=ABa3OeqEjLXxEV4tZW4_j9Lk2cl35qJhhGNT7r1XRTu7M=&xsec_source=
690c6e8c000000000303a3df,ABrzABt6342yprwaESMOyWGvqzshas5EnIuetW-k_B5M8=,最省钱的Plus订阅方式，趁活动还在！,Ai夕,1,https://www.xiaohongshu.com/search_result/690c6e8c000000000303a3df?xsec_token=ABrzABt6342yprwaESMOyWGvqzshas5EnIuetW-k_B5M8=&xsec_source=
6a41780900000000210185e8,AB1YsF2XknA9ycUp-36SStCpI1Qr3BqXbHfLztl_xQSPM=,ChatGPT PLUS如何快速充值🐶,小G PLUS,2,https://www.xiaohongshu.com/search_result/6a41780900000000210185e8?xsec_token=AB1YsF2XknA9ycUp-36SStCpI1Qr3BqXbHfLztl_xQSPM=&xsec_source=
69de2aa9000000001b0004b0,ABtIN4aBvqA5Vl8BFqZ0hJadKZwSWw8sD8qjqbIP27FHk=,🔥超 稳定的GPT会员续费 ! 个人独享！！,小鱼儿🐟,31,https://www.xiaohongshu.com/search_result/69de2aa9000000001b0004b0?xsec_token=ABtIN4aBvqA5Vl8BFqZ0hJadKZwSWw8sD8qjqbIP27FHk=&xsec_source=
6a243e32000000000702a00a,ABhH8pppmRRslHru3vhnwXnfZugK0KhV7p8RSY74ROnp8=,很多人用 ChatGPT 生图，可出来还是一眼 AI,京屋果子,458,https://www.xiaohongshu.com/search_result/6a243e32000000000702a00a?xsec_token=ABhH8pppmRRslHru3vhnwXnfZugK0KhV7p8RSY74ROnp8=&xsec_source=
67a0ea040000000029033e1c,ABD7VmIASCQhT90DqeHmTJAGgDrCy30zig_-t09wE5i3o=,用GPT准备面试的天花板 | Part 9,荷兰找钱哥,2951,https://www.xiaohongshu.com/search_result/67a0ea040000000029033e1c?xsec_token=ABD7VmIASCQhT90DqeHmTJAGgDrCy30zig_-t09wE5i3o=&xsec_source=
6a3f3c610000000007010931,ABO8dsHcC7UJnW3NFM2DoxKd7m23Rckf0LchQjzmukafY=,GPT Plus会员618活动，小红书下单更优惠,G主理人,78,https://www.xiaohongshu.com/search_result/6a3f3c610000000007010931?xsec_token=ABO8dsHcC7UJnW3NFM2DoxKd7m23Rckf0LchQjzmukafY=&xsec_source=
6a37d686000000000f0144df,ABw-i-rQ6LZQdpfUTQNQuNDb1kD78JeEJ8Goq-F4H0qgQ=,ChatGPT Plus 会员专车开团了！,小雪🌸,0,https://www.xiaohongshu.com/search_result/6a37d686000000000f0144df?xsec_token=ABw-i-rQ6LZQdpfUTQNQuNDb1kD78JeEJ8Goq-F4H0qgQ=&xsec_source=
69ea30140000000020013004,ABVHNQaBnatUXHsYPZYWzd--eMv2cWww73o9oWFiPjwzU=,img2模型真的要把设计师都干掉了！！！,西瓜视觉,858,https://www.xiaohongshu.com/search_result/69ea30140000000020013004?xsec_token=ABVHNQaBnatUXHsYPZYWzd--eMv2cWww73o9oWFiPjwzU=&xsec_source=
6a37945d000000001503d69b,ABw-i-rQ6LZQdpfUTQNQuNDbeeoaPZ_TbbTjgZjwr5YEE=,GPTplus/pro首充/续费,GP安心升级,0,https://www.xiaohongshu.com/search_result/6a37945d000000001503d69b?xsec_token=ABw-i-rQ6LZQdpfUTQNQuNDbeeoaPZ_TbbTjgZjwr5YEE=&xsec_source=
6a3a4cde00000000150252a6,AB0jYy-TVXAM8NHW_rX0hP7a0h60PLvgMJ3bKNuWVHiiM=,Chat Gpt plus升级只需168！！,plus专业户,2,https://www.xiaohongshu.com/search_result/6a3a4cde00000000150252a6?xsec_token=AB0jYy-TVXAM8NHW_rX0hP7a0h60PLvgMJ3bKNuWVHiiM=&xsec_source=
6a4b1614000000001003f14b,ABQZGHPekp6dvTmZAZpkNYUyS_XRphnF88yH8HhvZHh8k=,尝试一个周末成长为Codex大师🐮,小陈聊AI,6,https://www.xiaohongshu.com/search_result/6a4b1614000000001003f14b?xsec_token=ABQZGHPekp6dvTmZAZpkNYUyS_XRphnF88yH8HhvZHh8k=&xsec_source=
6a34a47c000000001702c464,AB4sCp75rfgShU-7X-LOxUezXP5aBLS7pdxG9hkDuhCBM=,很多人用 ChatGPT 生图，可出来还是一眼 AI,京屋果子,5,https://www.xiaohongshu.com/search_result/6a34a47c000000001702c464?xsec_token=AB4sCp75rfgShU-7X-LOxUezXP5aBLS7pdxG9hkDuhCBM=&xsec_source=
65e860190000000004003422,ABG0tbmrXqoYjlRI7-ZpW8kL8kzvCBWqDrDJ-wazERe2s=,快来吧！13条ChatGPT润色技巧等你学习😭,初心,8062,https://www.xiaohongshu.com/search_result/65e860190000000004003422?xsec_token=ABG0tbmrXqoYjlRI7-ZpW8kL8kzvCBWqDrDJ-wazERe2s=&xsec_source=
64e67dc00000000010033e59,ABdAXNk_KU2exKtcLsjypjQKAx-cnGelQMGHcafOJQHAs=,用ChatGPT准备面试的天花板,荷兰找钱哥,9359,https://www.xiaohongshu.com/search_result/64e67dc00000000010033e59?xsec_token=ABdAXNk_KU2exKtcLsjypjQKAx-cnGelQMGHcafOJQHAs=&xsec_source=
64e9295e000000000a01a776,ABCGa4OprIPu61njQNtexEPmf3_jer_z8ZpoFYkjlILC4=,用ChatGPT做PPT的天花板,荷兰找钱哥,1779,https://www.xiaohongshu.com/search_result/64e9295e000000000a01a776?xsec_token=ABCGa4OprIPu61njQNtexEPmf3_jer_z8ZpoFYkjlILC4=&xsec_source=
6a33f3aa000000000f030fbb,AB48Y0WkYQCgszDDQA2niP7Q3WtIh5mlIgWDGDQlftrnw=,GPTPlus官方直充|专属个人账号,momo,1,https://www.xiaohongshu.com/search_result/6a33f3aa000000000f030fbb?xsec_token=AB48Y0WkYQCgszDDQA2niP7Q3WtIh5mlIgWDGDQlftrnw=&xsec_source=
6a38f058000000001503cfbf,ABkXZ55_wAERM_tBJnj6Sm8LbM46Oz1mQ8bzY4OZwOjJo=,Gpt代充独享Plus！1️⃣6️⃣5️⃣！稳如老狗,AI供货,27,https://www.xiaohongshu.com/search_result/6a38f058000000001503cfbf?xsec_token=ABkXZ55_wAERM_tBJnj6Sm8LbM46Oz1mQ8bzY4OZwOjJo=&xsec_source=
6662ec07000000000d00f76e,AB5lEJlnCFWCcqIsL9QzpV75oK7rTZmERDivSC5jUw8qI=,国产AI🔥全网排行榜，实测真的很好用！,万兴脑图,388,https://www.xiaohongshu.com/search_result/6662ec07000000000d00f76e?xsec_token=AB5lEJlnCFWCcqIsL9QzpV75oK7rTZmERDivSC5jUw8qI=&xsec_source=
6a479fa4000000002003be84,ABc_7FZ-Sp3SqGqdP22hmEv7I3MlW3oIf13e-9MkyyZZ4=,Plus 活动价,程序猿101号,1,https://www.xiaohongshu.com/search_result/6a479fa4000000002003be84?xsec_token=ABc_7FZ-Sp3SqGqdP22hmEv7I3MlW3oIf13e-9MkyyZZ4=&xsec_source=
68404e82000000002101a595,ABg0F-Ei4dARqdLw3-q0cWA6nckqB_m9evYrrmkny-nwI=,你知道ChatGPT 的免费额度到底值多少钱吗？,AI圈的那些事,27,https://www.xiaohongshu.com/search_result/68404e82000000002101a595?xsec_token=ABg0F-Ei4dARqdLw3-q0cWA6nckqB_m9evYrrmkny-nwI=&xsec_source=
6a017320000000003703513d,ABzcfkrYbUHAY4w_ixP8UyWpB0X8bDrZMbAMYu1o6kf6s=,ChatGPT Plus官网直开,洋芋🥔,3,https://www.xiaohongshu.com/search_result/6a017320000000003703513d?xsec_token=ABzcfkrYbUHAY4w_ixP8UyWpB0X8bDrZMbAMYu1o6kf6s=&xsec_source=
6a3105bb000000001603c2d1,ABP5MvgQSt4aHgwTyF586dhmXtNOf_CBJA8rcfitGfeMY=,ChatGPT Images 2.0 杀疯了,黑黑智能小哥,0,https://www.xiaohongshu.com/search_result/6a3105bb000000001603c2d1?xsec_token=ABP5MvgQSt4aHgwTyF586dhmXtNOf_CBJA8rcfitGfeMY=&xsec_source=
6809ac4f000000001a005a2a,ABX4CQt_2HBN4X-PYGtPkAoApKhqOXMUs9O6k87-xturg=,ChatGPT画机制图，三句话见证奇迹,科研普拉斯,638,https://www.xiaohongshu.com/search_result/6809ac4f000000001a005a2a?xsec_token=ABX4CQt_2HBN4X-PYGtPkAoApKhqOXMUs9O6k87-xturg=&xsec_source=
6a0e67bf0000000007022417,ABvUG2a1p0utCghYgrMzaKoAp7G95a7OBQKrLX_F43YQc=,小白速通✨GPT Plus开通超简单攻略,豚豚（Ai）,12,https://www.xiaohongshu.com/search_result/6a0e67bf0000000007022417?xsec_token=ABvUG2a1p0utCghYgrMzaKoAp7G95a7OBQKrLX_F43YQc=&xsec_source=
6922bbe5000000001e02a81e,AByyT1p5YHD5oA8BOojFMNTkoK29HDcNr2tT8pQMqLu7k=,🔥ChatGPT 5.2无限次？Business版这波赢麻了,G老师爱,1,https://www.xiaohongshu.com/search_result/6922bbe5000000001e02a81e?xsec_token=AByyT1p5YHD5oA8BOojFMNTkoK29HDcNr2tT8pQMqLu7k=&xsec_source=
6a43e78f0000000022017a45,ABUrNz4dGns6-tqWROkMGASNax2g2zkFGAzLbOveMtxIw=,🔥Gpt 订阅 plus 新一波优惠来了！,小禾未郁,87,https://www.xiaohongshu.com/search_result/6a43e78f0000000022017a45?xsec_token=ABUrNz4dGns6-tqWROkMGASNax2g2zkFGAzLbOveMtxIw=&xsec_source=
6a24f37c000000001700a2aa,ABhH8pppmRRslHru3vhnwXnTWn0IrQEKEc1NqXMQkmkmU=,官方智能升级--plus!,网络小丽,1,https://www.xiaohongshu.com/search_result/6a24f37c000000001700a2aa?xsec_token=ABhH8pppmRRslHru3vhnwXnTWn0IrQEKEc1NqXMQkmkmU=&xsec_source=
6a45bf02000000000f0159e3,AB4DUM7YxsT2jIc7S9olLWHvUwd9MbaU7KJgj6MK4CYVY=,ChatGPT Plus 稳定订阅，几分钟基本就能弄,普拉斯订阅,3,https://www.xiaohongshu.com/search_result/6a45bf02000000000f0159e3?xsec_token=AB4DUM7YxsT2jIc7S9olLWHvUwd9MbaU7KJgj6MK4CYVY=&xsec_source=
6a434dc0000000002100b133,ABUrNz4dGns6-tqWROkMGASD9Az-aqXrSaAPStTYMEApc=,生活中已经离不开Gpt了,维尼熊熊,0,https://www.xiaohongshu.com/search_result/6a434dc0000000002100b133?xsec_token=ABUrNz4dGns6-tqWROkMGASD9Az-aqXrSaAPStTYMEApc=&xsec_source=
6a4025d1000000001101cfd1,ABTmw-8ZITS4aTPh4G-IXP83cIhm_33cUj6WLEM1JKC0k=,GPT Plus会员代充168,Ai Sun,0,https://www.xiaohongshu.com/search_result/6a4025d1000000001101cfd1?xsec_token=ABTmw-8ZITS4aTPh4G-IXP83cIhm_33cUj6WLEM1JKC0k=&xsec_source=
6a19443d0000000007028a85,AB4K9TE_cNq82d4LBfoqkAr5kERwGTKtf-V4xR2XwKH84=,为了用gptimage2直充plus会员…为了用gpti,Kimi2的小店,1,https://www.xiaohongshu.com/search_result/6a19443d0000000007028a85?xsec_token=AB4K9TE_cNq82d4LBfoqkAr5kERwGTKtf-V4xR2XwKH84=&xsec_source=
6984b0e1000000000b008c81,ABhHJPrKi4K6P2gZxguT3UGocHnXOGdH0t0ElQZ2JnIag=,谷歌的 gemini 真的好好用啊牛马泪目🥲,停不下来学AI,2742,https://www.xiaohongshu.com/search_result/6984b0e1000000000b008c81?xsec_token=ABhHJPrKi4K6P2gZxguT3UGocHnXOGdH0t0ElQZ2JnIag=&xsec_source=
699ee3490000000015033178,AByPBssQhefml7dETG9F7F5it7sjr6OvAz3KEX2LfAGHw=,开门红！听力熊T8获2026「德国iF设计大奖」,听力熊,72,https://www.xiaohongshu.com/search_result/699ee3490000000015033178?xsec_token=AByPBssQhefml7dETG9F7F5it7sjr6OvAz3KEX2LfAGHw=&xsec_source=
690c57700000000005002cf2,ABrzABt6342yprwaESMOyWGg_k0xZmvRNDQeWx2GKdEg8=,官宣！全球首届「AI 电影 × 品牌营销大赛」！,igrow爱果乐,25,https://www.xiaohongshu.com/search_result/690c57700000000005002cf2?xsec_token=ABrzABt6342yprwaESMOyWGg_k0xZmvRNDQeWx2GKdEg8=&xsec_source=
68b7e746000000001d004f9d,ABoxFx88xlynCQbJHBIbAqGfC4I_nTWA_W9d68ny7c3kU=,摄影人也有自己的小手办！（附教程✌📸,PGYTECH,40,https://www.xiaohongshu.com/search_result/68b7e746000000001d004f9d?xsec_token=ABoxFx88xlynCQbJHBIbAqGfC4I_nTWA_W9d68ny7c3kU=&xsec_source=
695dba0b000000000c034afb,ABIWHKDBmCVtrzDtGSOL7I7vUmgzLc1l85MLFRHMYLcLw=,谷歌的 gemini 真的好好用啊牛马泪目🥲,停不下来学AI,277,https://www.xiaohongshu.com/search_result/695dba0b000000000c034afb?xsec_token=ABIWHKDBmCVtrzDtGSOL7I7vUmgzLc1l85MLFRHMYLcLw=&xsec_source=
6a01fc46000000003502aeeb,ABzcfkrYbUHAY4w_ixP8UyWsZjBYpXwRNnyTM0dJIgV3k=,我和GPT一起制作了雅思口语题库网页…,yanng,315,https://www.xiaohongshu.com/search_result/6a01fc46000000003502aeeb?xsec_token=ABzcfkrYbUHAY4w_ixP8UyWsZjBYpXwRNnyTM0dJIgV3k=&xsec_source=
69ccd9fc00000000230146c8,AB4PS-ULAUWP0CzD9zlMLQB8IqDO7Sv6jFJFGs82RzVLk=,无比庆幸在孩子小学前读到这本书！,中信童书,113,https://www.xiaohongshu.com/search_result/69ccd9fc00000000230146c8?xsec_token=AB4PS-ULAUWP0CzD9zlMLQB8IqDO7Sv6jFJFGs82RzVLk=&xsec_source=
6960b5a8000000000a029271,ABAmPAtHvkVoYb51BMZ157fr5-UIa49UnwAOPb5kutHYA=,CES 2026 | 一起见证倍思闪耀时刻,Baseus倍思,33,https://www.xiaohongshu.com/search_result/6960b5a8000000000a029271?xsec_token=ABAmPAtHvkVoYb51BMZ157fr5-UIa49UnwAOPb5kutHYA=&xsec_source=
695b311c000000002203289a,ABmnv3UWajZgsMIrZOfKZUxt1M6Vn_KmuWmuX0Y-YTFhk=,新上的“提示词”功能，真好用还是鸡肋？,紫鸟浏览器,5,https://www.xiaohongshu.com/search_result/695b311c000000002203289a?xsec_token=ABmnv3UWajZgsMIrZOfKZUxt1M6Vn_KmuWmuX0Y-YTFhk=&xsec_source=
69676de2000000000b0124ec,ABOjVeZwtqCOWEyeokbT6-bS6DrJOQJ7axY0P69rYbdBw=,CES 2026 灵宇宙的五个「最」瞬间,灵宇宙,25,https://www.xiaohongshu.com/search_result/69676de2000000000b0124ec?xsec_token=ABOjVeZwtqCOWEyeokbT6-bS6DrJOQJ7axY0P69rYbdBw=&xsec_source=
69a6c781000000002303bdc5,ABbEQQiOqJOV5RHv1EkdtOkOCMyuVNv5wT6dogFXmJZpU=,喜报🏆斩获「AI无界先锋品牌」奖项,包老师数学,2,https://www.xiaohongshu.com/search_result/69a6c781000000002303bdc5?xsec_token=ABbEQQiOqJOV5RHv1EkdtOkOCMyuVNv5wT6dogFXmJZpU=&xsec_source=
668ce6a70000000003025d33,ABSUDJDTzNs0Bqn2wT_0-jtTcQig_3GEUBv3bCtI6DTGs=,vlog海归妈带娃日记｜AI时代如何学习不掉队,abcmama,4377,https://www.xiaohongshu.com/search_result/668ce6a70000000003025d33?xsec_token=ABSUDJDTzNs0Bqn2wT_0-jtTcQig_3GEUBv3bCtI6DTGs=&xsec_source=
68b67930000000001c0333e1,ABL6LAAw6xgcM0JHciaJAs37b2quOrkgqXwA-vfZ--Pys=,如何应对AI时代的到来？用它！,成事好物,12,https://www.xiaohongshu.com/search_result/68b67930000000001c0333e1?xsec_token=ABL6LAAw6xgcM0JHciaJAs37b2quOrkgqXwA-vfZ--Pys=&xsec_source=
67f87eac000000001c02be40,ABCrLXG8CcYsBJaMPrxRK1siiGt9i_GNnORPDf1VT77Bs=,谁还没有个挂卡了？,瞬时山野Monterest,36,https://www.xiaohongshu.com/search_result/67f87eac000000001c02be40?xsec_token=ABCrLXG8CcYsBJaMPrxRK1siiGt9i_GNnORPDf1VT77Bs=&xsec_source=
6a2c0111000000001603f4b1,ABlNWgNEiELRERvIBYEFHdUpEkF4Z3K1TOE5qtTht0pqo=,🏮SSP暑假刊初中进阶版·新题型探索开箱,慈怀书店,11,https://www.xiaohongshu.com/search_result/6a2c0111000000001603f4b1?xsec_token=ABlNWgNEiELRERvIBYEFHdUpEkF4Z3K1TOE5qtTht0pqo=&xsec_source=
67ee5f95000000001c02f04c,AB2Hyq7IBlks3s48eyO0pZUdmYWGwPwbk41Ew1zbCuF_o=,🎾AI攻略|一秒get个人定制网球女孩手办！！,彭派奇PomPeche,21,https://www.xiaohongshu.com/search_result/67ee5f95000000001c02f04c?xsec_token=AB2Hyq7IBlks3s48eyO0pZUdmYWGwPwbk41Ew1zbCuF_o=&xsec_source=
67e69d57000000001c03784b,ABWJvmuxyABLBg9R5ysDT6KbZZS0qN9dQbpW9YlqSiPZE=,听说高知家庭圈子都在让娃学画画❓,画啦啦,1,https://www.xiaohongshu.com/search_result/67e69d57000000001c03784b?xsec_token=ABWJvmuxyABLBg9R5ysDT6KbZZS0qN9dQbpW9YlqSiPZE=&xsec_source=
6a3fb7c900000000060216e4,ABO8dsHcC7UJnW3NFM2DoxKbb8c54AVoCsDQGeI4L6kN4=,不允许还有姐妹没 get 这款高颜值键盘🌈,罗技G官方旗舰店,1,https://www.xiaohongshu.com/search_result/6a3fb7c900000000060216e4?xsec_token=ABO8dsHcC7UJnW3NFM2DoxKbb8c54AVoCsDQGeI4L6kN4=&xsec_source=
69301044000000001b0318ed,ABhsxhQ9UE5GXuvGUdjP4_whx-J1M5b5My9ysGjPFNyE8=,会发光的水墨兔狐｜动态壁纸｜127,粉心心 wallpaper,6883,https://www.xiaohongshu.com/search_result/69301044000000001b0318ed?xsec_token=ABhsxhQ9UE5GXuvGUdjP4_whx-J1M5b5My9ysGjPFNyE8=&xsec_source=
68e79dff000000000700e653,ABa3OeqEjLXxEV4tZW4_j9LqyF9wpEI_htnz25sd_S4LM=,LinkedIn刷屏！这本ChatGPT写作指南太炸了,Aubree,345,https://www.xiaohongshu.com/search_result/68e79dff000000000700e653?xsec_token=ABa3OeqEjLXxEV4tZW4_j9LqyF9wpEI_htnz25sd_S4LM=&xsec_source=
69feef2a0000000036032c49,ABUbgsTpRiAxS5l9n5yq1YDIHFj0jO09TTxlsOgJ4pQoI=,不是吧？想进事业单位还不知道公告去哪看？,上岸小搭子🌱,1377,https://www.xiaohongshu.com/search_result/69feef2a0000000036032c49?xsec_token=ABUbgsTpRiAxS5l9n5yq1YDIHFj0jO09TTxlsOgJ4pQoI=&xsec_source=
68e88a040000000007016f17,AB4d5kkrKUcdWHHg1UFYIwDusiWKh9a4BJxgljfq5d_k0=,LinkedIn都在传疯的ChatGPT写作秘籍,Aubree too,43,https://www.xiaohongshu.com/search_result/68e88a040000000007016f17?xsec_token=AB4d5kkrKUcdWHHg1UFYIwDusiWKh9a4BJxgljfq5d_k0=&xsec_source=
6a250c0000000000150268bc,AB6KXwkRsH1k7eIgRsPaTYy1GmasJ0cZE8U3gx-CeKNrM=,chat Plus会员，官方直充，170一个月,momo,29,https://www.xiaohongshu.com/search_result/6a250c0000000000150268bc?xsec_token=AB6KXwkRsH1k7eIgRsPaTYy1GmasJ0cZE8U3gx-CeKNrM=&xsec_source=
6a362f930000000021018f2b,ABQVxekixr86lc7JXXlxJmlRRKZh-7hA1r6q9ZsdQtM3k=,GPTplus直充安排,小禾未郁,25,https://www.xiaohongshu.com/search_result/6a362f930000000021018f2b?xsec_token=ABQVxekixr86lc7JXXlxJmlRRKZh-7hA1r6q9ZsdQtM3k=&xsec_source=
6a49df65000000001603f46f,ABlkp3KgOEi2XYkpvcp4Y0PJnztZ4whFGtr7mf67UXZlk=,Gpt订阅plus 新一轮优惠来临啦！,AI供货,0,https://www.xiaohongshu.com/search_result/6a49df65000000001603f46f?xsec_token=ABlkp3KgOEi2XYkpvcp4Y0PJnztZ4whFGtr7mf67UXZlk=&xsec_source=
6a408bbb000000001c024c12,ABTmw-8ZITS4aTPh4G-IXP816g5YQjb1S9dEraaM3SrCg=,chatGPT plus会员，官方直冲，5分钟内开通,坐拥百万,5,https://www.xiaohongshu.com/search_result/6a408bbb000000001c024c12?xsec_token=ABTmw-8ZITS4aTPh4G-IXP816g5YQjb1S9dEraaM3SrCg=&xsec_source=
69e9fb000000000013030802,AB8nHRMTSpIIIWcBcEDmWthMLE-Gfjaj0VLyQIyZ2WJRU=,Plus订阅一分钟搞定！包售后！,小呆,81,https://www.xiaohongshu.com/search_result/69e9fb000000000013030802?xsec_token=AB8nHRMTSpIIIWcBcEDmWthMLE-Gfjaj0VLyQIyZ2WJRU=&xsec_source=
6a4962f40000000011017302,ABlkp3KgOEi2XYkpvcp4Y0PMVM9bWYkI31XSNcQ6wDX-U=,Gpt plus 在线✔直冲,网络小丽,2,https://www.xiaohongshu.com/search_result/6a4962f40000000011017302?xsec_token=ABlkp3KgOEi2XYkpvcp4Y0PMVM9bWYkI31XSNcQ6wDX-U=&xsec_source=
6a410d1a000000000702235a,AB1YsF2XknA9ycUp-36SStCmsDHCVC5MaLLHPG7tm2Si4=,ChatGPT/Codex 正规开通，直接到你账号,程序猿101号,46,https://www.xiaohongshu.com/search_result/6a410d1a000000000702235a?xsec_token=AB1YsF2XknA9ycUp-36SStCmsDHCVC5MaLLHPG7tm2Si4=&xsec_source=
68a9960c000000001c013688,ABF1YLMTniNCC7ZDnFMqRVWCWgSeKp2OoFUFKDt69TMqo=,ChatGPT 隐藏神器更新：项目级记忆！,AI圈的那些事,21,https://www.xiaohongshu.com/search_result/68a9960c000000001c013688?xsec_token=ABF1YLMTniNCC7ZDnFMqRVWCWgSeKp2OoFUFKDt69TMqo=&xsec_source=
6a4471a80000000017009262,ABmGjY8SG5EAios5oaGDt0cgO78vCEIjMoSlWfrgaNXho=,GPT Plus会员7月活动，小红书下单更优惠,AI供货,1,https://www.xiaohongshu.com/search_result/6a4471a80000000017009262?xsec_token=ABmGjY8SG5EAios5oaGDt0cgO78vCEIjMoSlWfrgaNXho=&xsec_source=
6a22afc0000000000702b0ef,AB6gKFleoVZHTjHCVTnkQL8XxunAW4RQB9t0qJaD048_Y=,GPTplus直充安排,小禾未郁,7,https://www.xiaohongshu.com/search_result/6a22afc0000000000702b0ef?xsec_token=AB6gKFleoVZHTjHCVTnkQL8XxunAW4RQB9t0qJaD048_Y=&xsec_source=
68ed9de0000000000300e4fd,ABxFR29Es5jWXi-4SW-U0tAJ18g9I9c92mvE7E_T7rGEU=,Andrej Karpathy：4小时训练一个ChatGPT,月来客栈,17,https://www.xiaohongshu.com/search_result/68ed9de0000000000300e4fd?xsec_token=ABxFR29Es5jWXi-4SW-U0tAJ18g9I9c92mvE7E_T7rGEU=&xsec_source=
6a38c0a20000000011010ec4,ABkXZ55_wAERM_tBJnj6Sm8OOXCzgIrvuOCxDy1G1E3lU=,chatGPT升plus会员充值 chatgpt 升级plus只,Gm小咪,16,https://www.xiaohongshu.com/search_result/6a38c0a20000000011010ec4?xsec_token=ABkXZ55_wAERM_tBJnj6Sm8OOXCzgIrvuOCxDy1G1E3lU=&xsec_source=
6a49ea7b000000001102d113,ABlkp3KgOEi2XYkpvcp4Y0PFmWaAtOYqhcBNs6UEn5jy8=,升级gpt✔订阅plus质保 代充用上codex!,考研物理小阳学长,2,https://www.xiaohongshu.com/search_result/6a49ea7b000000001102d113?xsec_token=ABlkp3KgOEi2XYkpvcp4Y0PFmWaAtOYqhcBNs6UEn5jy8=&xsec_source=
6a1440ea000000003701ea79,ABarfwiXlndJtjob_mXUAK2jz6hTqMKOS8NBGsub6EvkE=,ins能用了,小红薯6A159B11,108,https://www.xiaohongshu.com/search_result/6a1440ea000000003701ea79?xsec_token=ABarfwiXlndJtjob_mXUAK2jz6hTqMKOS8NBGsub6EvkE=&xsec_source=
692ab610000000001e02b122,AB5B_BWgQ6x33-G3HBx5Tg7llP-vfCY55XCjbvrSmwy3U=,LinkedIn刷屏！这本ChatGPT写作指南太炸了,小雨高效工坊,22,https://www.xiaohongshu.com/search_result/692ab610000000001e02b122?xsec_token=AB5B_BWgQ6x33-G3HBx5Tg7llP-vfCY55XCjbvrSmwy3U=&xsec_source=
69e50218000000002200e44b,AB3bJq6r_0-sItp80MUIY5URtJuHY8A8c-oUppmiPAq64=,AI30秒出一张知识图，这工具太离谱了,小白的资料馆,234,https://www.xiaohongshu.com/search_result/69e50218000000002200e44b?xsec_token=AB3bJq6r_0-sItp80MUIY5URtJuHY8A8c-oUppmiPAq64=&xsec_source=
6a4a75d1000000000603552f,AB_9E3NTrxRTUX116_MaWp1omyuTrFJsYZnooXjA2FQ1U=,ChatGPT/Codex正规开通到你账号🔥,早睡早起,0,https://www.xiaohongshu.com/search_result/6a4a75d1000000000603552f?xsec_token=AB_9E3NTrxRTUX116_MaWp1omyuTrFJsYZnooXjA2FQ1U=&xsec_source=
6a449aee000000000803e4ca,ABmGjY8SG5EAios5oaGDt0ckaEZEPbYCjCKyYKeUHrm1o=,Super grok 会员 订阅,ai工具,2,https://www.xiaohongshu.com/search_result/6a449aee000000000803e4ca?xsec_token=ABmGjY8SG5EAios5oaGDt0ckaEZEPbYCjCKyYKeUHrm1o=&xsec_source=
6a4a38850000000021008399,AB_9E3NTrxRTUX116_MaWp1nXvUD087CWD48uK7wQ_rNs=,chat plus会员，188一个月，官方直冲,🐸,0,https://www.xiaohongshu.com/search_result/6a4a38850000000021008399?xsec_token=AB_9E3NTrxRTUX116_MaWp1nXvUD087CWD48uK7wQ_rNs=&xsec_source=
6a48831b00000000160240c2,ABK8L8Oh1ENtuTFi_ydNCNbvVfgB0MOiWwnIfyb2Scmkc=,🔥 GPT Plus 官方直开｜想升级的署宝看看,AI供货,0,https://www.xiaohongshu.com/search_result/6a48831b00000000160240c2?xsec_token=ABK8L8Oh1ENtuTFi_ydNCNbvVfgB0MOiWwnIfyb2Scmkc=&xsec_source=
6a12ff9400000000060237b7,ABi0o9LArOuqKam2b7LA0I4SvH0h0-9CPoFtLJIsWr35M=,chat升plus/pro！,牛油果🥑Al,25,https://www.xiaohongshu.com/search_result/6a12ff9400000000060237b7?xsec_token=ABi0o9LArOuqKam2b7LA0I4SvH0h0-9CPoFtLJIsWr35M=&xsec_source=
6a474fe6000000000f02bd3d,ABc_7FZ-Sp3SqGqdP22hmEvyUXuzLnmFqOrQEiDSyDFR8=,家人们！代充个人版plus ！,橙序猿,0,https://www.xiaohongshu.com/search_result/6a474fe6000000000f02bd3d?xsec_token=ABc_7FZ-Sp3SqGqdP22hmEvyUXuzLnmFqOrQEiDSyDFR8=&xsec_source=
6a2180ef000000003601a36d,ABp2Ne7lmMGCQo_OZ64xkh2h_wOHSboH9gjfvlzb6G5n0=,想学 Codex？这份93页指南真的适合从0开始,✨颇颇忒（PPT）,469,https://www.xiaohongshu.com/search_result/6a2180ef000000003601a36d?xsec_token=ABp2Ne7lmMGCQo_OZ64xkh2h_wOHSboH9gjfvlzb6G5n0=&xsec_source=
6a46259f000000001702c634,ABudR29VLF033-ZjfNxYJRJyck48R0KEyLXsSajYGHCNY=,chatgpt会员plus升级充值订阅官方直充,诚序猿,2,https://www.xiaohongshu.com/search_result/6a46259f000000001702c634?xsec_token=ABudR29VLF033-ZjfNxYJRJyck48R0KEyLXsSajYGHCNY=&xsec_source=
6a2d7020000000001503cc07,ABw3lvtTjeGoAPzVjxubOLOxRuAued6x7aCSXqg_iQuEI=,GTP代充plus✔升级chat✔质保用上codex！,升订chat-p,11,https://www.xiaohongshu.com/search_result/6a2d7020000000001503cc07?xsec_token=ABw3lvtTjeGoAPzVjxubOLOxRuAued6x7aCSXqg_iQuEI=&xsec_source=
69f18e68000000003502ffba,AB8Cajz8BoAj86wzwe2LGN7ltxEnbwQua4xoFo759AHrI=,chatGPT会员充值订阅官方直充plus/pro,AI奈西小助理,15,https://www.xiaohongshu.com/search_result/69f18e68000000003502ffba?xsec_token=AB8Cajz8BoAj86wzwe2LGN7ltxEnbwQua4xoFo759AHrI=&xsec_source=
6a3b37950000000021018bde,ABHkMoRF22Ta1fP2NIWtCm3t2bDYelSzkikOHjBluNHOo=,Gpt代充Plus！升级续费只要1⃣️3️⃣0️⃣,weididi,2,https://www.xiaohongshu.com/search_result/6a3b37950000000021018bde?xsec_token=ABHkMoRF22Ta1fP2NIWtCm3t2bDYelSzkikOHjBluNHOo=&xsec_source=
6a2521b30000000035031787,AB6KXwkRsH1k7eIgRsPaTYy0isyvhaNqmQNTyf2FqRDt8=,外贸电商必备APP,卖东西啦啦啦,38,https://www.xiaohongshu.com/search_result/6a2521b30000000035031787?xsec_token=AB6KXwkRsH1k7eIgRsPaTYy0isyvhaNqmQNTyf2FqRDt8=&xsec_source=
6a310bc6000000001700b616,ABP5MvgQSt4aHgwTyF586dhmi4r0aCj5aWUUM6yzAbh9A=,吴恩达的AgentSkills，真的让我少走99%弯路,墨鱼丸,10,https://www.xiaohongshu.com/search_result/6a310bc6000000001700b616?xsec_token=ABP5MvgQSt4aHgwTyF586dhmi4r0aCj5aWUUM6yzAbh9A=&xsec_source=
6a474fb2000000001101f7f6,ABc_7FZ-Sp3SqGqdP22hmEv_S2KLk9Opt0lQ2lvfpblcc=,他真的手把手教你Codex❗️,作业本编程日记,100,https://www.xiaohongshu.com/search_result/6a474fb2000000001101f7f6?xsec_token=ABc_7FZ-Sp3SqGqdP22hmEv_S2KLk9Opt0lQ2lvfpblcc=&xsec_source=
6a44c56c000000002103c587,ABmGjY8SG5EAios5oaGDt0cvx9UaW9_9Fqoic4sxjkaPA=,Plus 轻松开通个人账号单月1️⃣5️⃣8️⃣,Plus优选店,1,https://www.xiaohongshu.com/search_result/6a44c56c000000002103c587?xsec_token=ABmGjY8SG5EAios5oaGDt0cvx9UaW9_9Fqoic4sxjkaPA=&xsec_source=
6a4385df000000001100566f,ABUrNz4dGns6-tqWROkMGASBWPLyt9GaD5m-6vmmcDnJk=,Plus订阅一分钟搞定！包售后！,小呆,1,https://www.xiaohongshu.com/search_result/6a4385df000000001100566f?xsec_token=ABUrNz4dGns6-tqWROkMGASBWPLyt9GaD5m-6vmmcDnJk=&xsec_source=
6a447dcc0000000007025a7e,ABmGjY8SG5EAios5oaGDt0coz25Qztqnwoiz05YjYjgbs=,Grok代充158,焰焰,0,https://www.xiaohongshu.com/search_result/6a447dcc0000000007025a7e?xsec_token=ABmGjY8SG5EAios5oaGDt0coz25Qztqnwoiz05YjYjgbs=&xsec_source=
69f9f7a3000000001f002374,ABYcd-xkZXoeUA4l1zMSduZqJVrsmkxPfKJ2WDMhEvwI8=,chatgpt升plus会员充值,GPT小奈绪,0,https://www.xiaohongshu.com/search_result/69f9f7a3000000001f002374?xsec_token=ABYcd-xkZXoeUA4l1zMSduZqJVrsmkxPfKJ2WDMhEvwI8=&xsec_source=
6a4a63070000000006033171,AB_9E3NTrxRTUX116_MaWp1sJ58h1aylqhDvj_sXncY44=,codex free不够用？168来升级一下Plus吧,番茄不炒蛋🍅,0,https://www.xiaohongshu.com/search_result/6a4a63070000000006033171?xsec_token=AB_9E3NTrxRTUX116_MaWp1sJ58h1aylqhDvj_sXncY44=&xsec_source=
6a475dbf000000002103da8b,ABc_7FZ-Sp3SqGqdP22hmEv-IYwF_eACUue7lDgMx-6is=,codex free不够用？168来升级一下Plus吧,番茄不炒蛋🍅,0,https://www.xiaohongshu.com/search_result/6a475dbf000000002103da8b?xsec_token=ABc_7FZ-Sp3SqGqdP22hmEv-IYwF_eACUue7lDgMx-6is=&xsec_source=
6a47f51c000000001700b0ee,ABc_7FZ-Sp3SqGqdP22hmEv85JL28-brbIfhpUJV-LPyQ=,Gemini续费Pro！9️⃣9️⃣,小熊座,1,https://www.xiaohongshu.com/search_result/6a47f51c000000001700b0ee?xsec_token=ABc_7FZ-Sp3SqGqdP22hmEv85JL28-brbIfhpUJV-LPyQ=&xsec_source=
6a4a1845000000001702d896,AB_9E3NTrxRTUX116_MaWp1jUI2qAhp9PXovzZ48xxEGE=,ChatGPT Plus 官方直充｜正规代充靠谱订阅,贝多芬的伤,1,https://www.xiaohongshu.com/search_result/6a4a1845000000001702d896?xsec_token=AB_9E3NTrxRTUX116_MaWp1jUI2qAhp9PXovzZ48xxEGE=&xsec_source=
6a3d49b2000000001003fcd6,ABsCHAAvCGKcoLn8lcPy1T4nYzZF4AU8tFY4AgWKwbjk4=,我终于搞懂Codex怎么用！新手真的别乱摸索,✨颇颇忒（PPT）,18,https://www.xiaohongshu.com/search_result/6a3d49b2000000001003fcd6?xsec_token=ABsCHAAvCGKcoLn8lcPy1T4nYzZF4AU8tFY4AgWKwbjk4=&xsec_source=
6a47e382000000000f017d7d,ABc_7FZ-Sp3SqGqdP22hmEv0Brk3Z1fTwdi9Olm_AbmUw=,workbuddy教程，看完直接上手！,摸鱼专用大法,1,https://www.xiaohongshu.com/search_result/6a47e382000000000f017d7d?xsec_token=ABc_7FZ-Sp3SqGqdP22hmEv0Brk3Z1fTwdi9Olm_AbmUw=&xsec_source=
6a4a088d0000000021015d69,AB_9E3NTrxRTUX116_MaWp1v2Eo7nLAWsycTDRj8isrlA=,官fang正规 Plus 月卡,菠萝🍍加冰,0,https://www.xiaohongshu.com/search_result/6a4a088d0000000021015d69?xsec_token=AB_9E3NTrxRTUX116_MaWp1v2Eo7nLAWsycTDRj8isrlA=&xsec_source=
6a478d0a0000000008031331,ABc_7FZ-Sp3SqGqdP22hmEv4OKFgFTTQtQ25rcPHh2GWY=,写Codex中文教程的人，简直配享太庙！,抖哥编程日记,17,https://www.xiaohongshu.com/search_result/6a478d0a0000000008031331?xsec_token=ABc_7FZ-Sp3SqGqdP22hmEv4OKFgFTTQtQ25rcPHh2GWY=&xsec_source=
6a4a9fb0000000001102dc88,AB_9E3NTrxRTUX116_MaWp1n03IZIDf5XWl2jHwrBrIfg=,ChatGPT PLUS如何快速充值🐶,AI蓝胖工坊,1,https://www.xiaohongshu.com/search_result/6a4a9fb0000000001102dc88?xsec_token=AB_9E3NTrxRTUX116_MaWp1n03IZIDf5XWl2jHwrBrIfg=&xsec_source=
6a47bcc70000000022008c73,ABc_7FZ-Sp3SqGqdP22hmEv-btJNt_YaM2vTQQs6FLRis=,假如你从 7.1 号开始学习 OpenAI Codex,Kitty玩AI,5,https://www.xiaohongshu.com/search_result/6a47bcc70000000022008c73?xsec_token=ABc_7FZ-Sp3SqGqdP22hmEv-btJNt_YaM2vTQQs6FLRis=&xsec_source=
6a49f29a000000000803fe28,ABlkp3KgOEi2XYkpvcp4Y0PMkWFKAJUOWnWZu5-Tpiii8=,直冲自己号，一年gemini pro 58感觉不错,饺子,2,https://www.xiaohongshu.com/search_result/6a49f29a000000000803fe28?xsec_token=ABlkp3KgOEi2XYkpvcp4Y0PMkWFKAJUOWnWZu5-Tpiii8=&xsec_source=
69e9f08f000000001f0002c7,AB8nHRMTSpIIIWcBcEDmWthMgSCCu2xaa128qlUSSxPNo=,ChatGPT 订阅plus,九月,0,https://www.xiaohongshu.com/search_result/69e9f08f000000001f0002c7?xsec_token=AB8nHRMTSpIIIWcBcEDmWthMgSCCu2xaa128qlUSSxPNo=&xsec_source=
6a436c1a0000000016024448,ABUrNz4dGns6-tqWROkMGASHQZAaCwIYgFvxHELG1w22c=,别再零散学Workbuddy了！系统教程28篇在这,元小二学AI,7,https://www.xiaohongshu.com/search_result/6a436c1a0000000016024448?xsec_token=ABUrNz4dGns6-tqWROkMGASHQZAaCwIYgFvxHELG1w22c=&xsec_source=
6a28d0cf000000003502cf50,ABQegyuTVeX0l_WNzfyBrTIE1YOFSzlQx5DjHFPG5CxZg=,科技改变生活，plus直充！,网络小丽,7,https://www.xiaohongshu.com/search_result/6a28d0cf000000003502cf50?xsec_token=ABQegyuTVeX0l_WNzfyBrTIE1YOFSzlQx5DjHFPG5CxZg=&xsec_source=
6a0bd97f000000003502fecd,AB3k3dkSn9shiXydFEcvgUqn0XL9v9M7MsGWBiDp5ifM4=,宝子们求教一下,AI ONE,9,https://www.xiaohongshu.com/search_result/6a0bd97f000000003502fecd?xsec_token=AB3k3dkSn9shiXydFEcvgUqn0XL9v9M7MsGWBiDp5ifM4=&xsec_source=
6a48df410000000008030ca6,ABK8L8Oh1ENtuTFi_ydNCNbn_wkttaldbJQiCHlwadJwM=,用一个周末成长为Codex大师！,小欧陪你学编程,30,https://www.xiaohongshu.com/search_result/6a48df410000000008030ca6?xsec_token=ABK8L8Oh1ENtuTFi_ydNCNbn_wkttaldbJQiCHlwadJwM=&xsec_source=
6a2e50200000000016024716,ABL-tDe7L1tBCUVL4BPYSKnx-G8_d6VutkntKzOhZstc8=,chatgpt会员升级plus充值官方直充付费,GPT小鱼,1,https://www.xiaohongshu.com/search_result/6a2e50200000000016024716?xsec_token=ABL-tDe7L1tBCUVL4BPYSKnx-G8_d6VutkntKzOhZstc8=&xsec_source=
6a1c71b30000000038020ead,AB_mBOqnNVHSbMjg-UodNEJ3aBgds8M-LI_gWY65wj2aQ=,chatgpt会员plus升级充值订阅官方直充,GPT小鱼,1,https://www.xiaohongshu.com/search_result/6a1c71b30000000038020ead?xsec_token=AB_mBOqnNVHSbMjg-UodNEJ3aBgds8M-LI_gWY65wj2aQ=&xsec_source=
6a45e42a000000002101637e,AB4DUM7YxsT2jIc7S9olLWHgG2ZdyM9yoAMFuGtp2y4mw=,ChatGPT新手提问模板：办公学习都能用,阿秋学长,1,https://www.xiaohongshu.com/search_result/6a45e42a000000002101637e?xsec_token=AB4DUM7YxsT2jIc7S9olLWHgG2ZdyM9yoAMFuGtp2y4mw=&xsec_source=
6a2ad6db000000003502ff76,ABeGOaQCNVB-VyRgNUa5Ur4ZugOTVzjLyUPtZQ7HcoYk4=,电脑中病毒了！全是这些软件怎么办？别急,电脑技术服务支持,22,https://www.xiaohongshu.com/search_result/6a2ad6db000000003502ff76?xsec_token=ABeGOaQCNVB-VyRgNUa5Ur4ZugOTVzjLyUPtZQ7HcoYk4=&xsec_source=
69fd886d000000003700ea62,ABFFPpaAXPVJmdQhzmj6Fk5kJBUE23iMff7hmN-rNF_hA=,chatgpt手机会员plus官方直充充值代充订阅,GPT小鱼,30,https://www.xiaohongshu.com/search_result/69fd886d000000003700ea62?xsec_token=ABFFPpaAXPVJmdQhzmj6Fk5kJBUE23iMff7hmN-rNF_hA=&xsec_source=
6a478ee400000000080319d5,ABc_7FZ-Sp3SqGqdP22hmEv5xyYzlecDJTfCv0YY62qaw=,GPT Plus 到底怎么充值啊？,AI工具服务,1,https://www.xiaohongshu.com/search_result/6a478ee400000000080319d5?xsec_token=ABc_7FZ-Sp3SqGqdP22hmEv5xyYzlecDJTfCv0YY62qaw=&xsec_source=
6a28079d000000001702fa6c,ABQegyuTVeX0l_WNzfyBrTIFNcm2iroWdVIl83gxRrD58=,AI2025安装包💕免激活一键安装！自取,小米小米儿,132,https://www.xiaohongshu.com/search_result/6a28079d000000001702fa6c?xsec_token=ABQegyuTVeX0l_WNzfyBrTIFNcm2iroWdVIl83gxRrD58=&xsec_source=
6a46f8750000000017008633,ABudR29VLF033-ZjfNxYJRJ1joj6BO4W9aotK6ywjHBjc=,GptPlus订阅升级，自己的号,小鱼儿🐟,1,https://www.xiaohongshu.com/search_result/6a46f8750000000017008633?xsec_token=ABudR29VLF033-ZjfNxYJRJ1joj6BO4W9aotK6ywjHBjc=&xsec_source=
6a4385aa0000000007010ef5,ABUrNz4dGns6-tqWROkMGASAKEDJGFonh7DWfPZwG89no=,Plus订阅一分钟搞定！包售后！全程保！,九月,0,https://www.xiaohongshu.com/search_result/6a4385aa0000000007010ef5?xsec_token=ABUrNz4dGns6-tqWROkMGASAKEDJGFonh7DWfPZwG89no=&xsec_source=
6a3a22ca000000001700a4a8,AB0jYy-TVXAM8NHW_rX0hP7axgHtxFUi6-atH91jn8Hx4=,codex额度不够用？那是你还没解锁Plus会员,momo,8,https://www.xiaohongshu.com/search_result/6a3a22ca000000001700a4a8?xsec_token=AB0jYy-TVXAM8NHW_rX0hP7axgHtxFUi6-atH91jn8Hx4=&xsec_source=
6a38995100000000080242bc,ABkXZ55_wAERM_tBJnj6Sm8C-KIOdYfjsEM1y_8InVOJI=,有偿搞定C盘爆红✨小白再也不用瞎折腾了,Win技术员,114,https://www.xiaohongshu.com/search_result/6a38995100000000080242bc?xsec_token=ABkXZ55_wAERM_tBJnj6Sm8C-KIOdYfjsEM1y_8InVOJI=&xsec_source=
6a4a586b0000000011019570,AB_9E3NTrxRTUX116_MaWp1lFsKqw-A3kzN-N68nOqjI8=,挖到宝了！大佬整理的Codex手册真的很清晰,程序员玩AI,3,https://www.xiaohongshu.com/search_result/6a4a586b0000000011019570?xsec_token=AB_9E3NTrxRTUX116_MaWp1lFsKqw-A3kzN-N68nOqjI8=&xsec_source=
6a30d4bf000000001702b59d,ABwv0w7LykDpu3Mak8PfR4CUuZD8NBBuWbSd2w66MZUKQ=,ChatGPT Plus月卡优惠开通！,红椒🍅番茄面,0,https://www.xiaohongshu.com/search_result/6a30d4bf000000001702b59d?xsec_token=ABwv0w7LykDpu3Mak8PfR4CUuZD8NBBuWbSd2w66MZUKQ=&xsec_source=
6a43d98600000000080261ee,ABUrNz4dGns6-tqWROkMGASD7OfxbrSeYLZ9447mGQ0pg=,ChatGPT付款未获批准怎么办？新手排查清单,阿秋学长,2,https://www.xiaohongshu.com/search_result/6a43d98600000000080261ee?xsec_token=ABUrNz4dGns6-tqWROkMGASD7OfxbrSeYLZ9447mGQ0pg=&xsec_source=
6a46fe52000000000f0066e1,ABudR29VLF033-ZjfNxYJRJ2TY0c0gOh4zWgXpsrU2KPk=,chatgpt手机会员plus官方直充充值代充订阅,aigc服务,4,https://www.xiaohongshu.com/search_result/6a46fe52000000000f0066e1?xsec_token=ABudR29VLF033-ZjfNxYJRJ2TY0c0gOh4zWgXpsrU2KPk=&xsec_source=
6a44c5e2000000001101c6ab,ABmGjY8SG5EAios5oaGDt0cjVRtQ5Dh7hMU5lBIcY1FNo=,和char一起跑团!~跑团模拟器新功能,咸鲑鱼（恋与二外版）,21,https://www.xiaohongshu.com/search_result/6a44c5e2000000001101c6ab?xsec_token=ABmGjY8SG5EAios5oaGDt0cjVRtQ5Dh7hMU5lBIcY1FNo=&xsec_source=
6a45f06d0000000007020f2e,AB4DUM7YxsT2jIc7S9olLWHo4E08f-4tsGJ0OoakFyV5w=,ChatGPT Plus限时特惠158拿下✨,苏木,1,https://www.xiaohongshu.com/search_result/6a45f06d0000000007020f2e?xsec_token=AB4DUM7YxsT2jIc7S9olLWHo4E08f-4tsGJ0OoakFyV5w=&xsec_source=
6a4782de0000000011012572,ABc_7FZ-Sp3SqGqdP22hmEv8iGZcLWkXEx-m9YLvTmdPE=,Workbuddy从入门到精通保姆级学习手册！,摸鱼专用大法,8,https://www.xiaohongshu.com/search_result/6a4782de0000000011012572?xsec_token=ABc_7FZ-Sp3SqGqdP22hmEv8iGZcLWkXEx-m9YLvTmdPE=&xsec_source=
6a448a17000000001702c944,ABmGjY8SG5EAios5oaGDt0cuYYfpkvka0IvQiKxBIurIY=,C盘从爆满剩余8G清理到剩余305G！强！！,萌机（远程电脑急救）,32,https://www.xiaohongshu.com/search_result/6a448a17000000001702c944?xsec_token=ABmGjY8SG5EAios5oaGDt0cuYYfpkvka0IvQiKxBIurIY=&xsec_source=
6a465640000000000f014208,ABudR29VLF033-ZjfNxYJRJzxyHQu-SFYM2zyvQkhRs-c=,他真的把Codex讲的好清晰啊,小丫用Ai,4,https://www.xiaohongshu.com/search_result/6a465640000000000f014208?xsec_token=ABudR29VLF033-ZjfNxYJRJzxyHQu-SFYM2zyvQkhRs-c=&xsec_source=
6a44d0c9000000001003f954,ABmGjY8SG5EAios5oaGDt0cpssWD80bgwzSnKee5eNIeM=,Gpt plus根本不需要新注册账号……,Moo,239,https://www.xiaohongshu.com/search_result/6a44d0c9000000001003f954?xsec_token=ABmGjY8SG5EAios5oaGDt0cpssWD80bgwzSnKee5eNIeM=&xsec_source=
6a276b530000000022019e3c,ABM837ObELYC4cQLlOhebl6aGLx6u9giC6pBWbi7Pi3R8=,OpenAI宣布，ChatGPT已死,K总科技洞见,4491,https://www.xiaohongshu.com/search_result/6a276b530000000022019e3c?xsec_token=ABM837ObELYC4cQLlOhebl6aGLx6u9giC6pBWbi7Pi3R8=&xsec_source=
6a49dbce0000000021019d8d,ABlkp3KgOEi2XYkpvcp4Y0PAixue3_BxEu6SM7FbgRKzg=,wk小漏香肩啊啊啊,开心米^,60,https://www.xiaohongshu.com/search_result/6a49dbce0000000021019d8d?xsec_token=ABlkp3KgOEi2XYkpvcp4Y0PAixue3_BxEu6SM7FbgRKzg=&xsec_source=
68ab971b000000001c010f9f,AB6EPgdIZvBTUbXBO6mrB2X-91am-J0uGy3daYuWdqp6Y=,29岁女孩结束生命前与ChatGPT的聊天曝光,AI Lynn姐,3932,https://www.xiaohongshu.com/search_result/68ab971b000000001c010f9f?xsec_token=AB6EPgdIZvBTUbXBO6mrB2X-91am-J0uGy3daYuWdqp6Y=&xsec_source=
6a37e8b8000000001702f93d,ABw-i-rQ6LZQdpfUTQNQuNDTPa2UDutZr4agPGol0G18w=,Workbuddy从入门到精通保姆级学习手册！,麦子的AI笔记,274,https://www.xiaohongshu.com/search_result/6a37e8b8000000001702f93d?xsec_token=ABw-i-rQ6LZQdpfUTQNQuNDTPa2UDutZr4agPGol0G18w=&xsec_source=
696e847f000000000e00c5fc,ABVJb09F8Xm44jtp6ufDrYospU0-37FG9SWjofaOlI0YI=,Chat GP应该怎么用？提问方式决定你能走多远,Zoe,431,https://www.xiaohongshu.com/search_result/696e847f000000000e00c5fc?xsec_token=ABVJb09F8Xm44jtp6ufDrYospU0-37FG9SWjofaOlI0YI=&xsec_source=
6a4bd1320000000020039862,ABQZGHPekp6dvTmZAZpkNYU7L3Nsd_yG7jAxhZzkBEWYY=,天啊ChatGPT你干嘛😭,二甲基亚砜,242,https://www.xiaohongshu.com/search_result/6a4bd1320000000020039862?xsec_token=ABQZGHPekp6dvTmZAZpkNYU7L3Nsd_yG7jAxhZzkBEWYY=&xsec_source=
6a40ca2f000000001c026b18,ABTmw-8ZITS4aTPh4G-IXP88SVGvUoxaV9Q7sk7W6vxw4=,用Codex写综述，五天一篇真的可以做到吗？,星星不倦,82,https://www.xiaohongshu.com/search_result/6a40ca2f000000001c026b18?xsec_token=ABTmw-8ZITS4aTPh4G-IXP88SVGvUoxaV9Q7sk7W6vxw4=&xsec_source=
686840cb000000000b01ceb0,ABjTsT5GvD8GS7Bt3Ge7flSzNm8KoeyhAJ4yKonzu2fLQ=,深度使用chatgpt一年的感受…,momo,6876,https://www.xiaohongshu.com/search_result/686840cb000000000b01ceb0?xsec_token=ABjTsT5GvD8GS7Bt3Ge7flSzNm8KoeyhAJ4yKonzu2fLQ=&xsec_source=
6a369b1b00000000070227b1,ABQVxekixr86lc7JXXlxJmldLsXz_0Escou9xtUWLNuYc=,Codex 最新玩法，把ChatGPT 接入 Codex,库森说AI,2868,https://www.xiaohongshu.com/search_result/6a369b1b00000000070227b1?xsec_token=ABQVxekixr86lc7JXXlxJmldLsXz_0Escou9xtUWLNuYc=&xsec_source=
67a2b956000000002900ed8b,ABY5XC6rqv02qKBboNVnWKAVb-x5zujLEg8jAyTbfqRL0=,真实体验！Deepseek、豆包、Kimi谁更值得用,IT行业那点事,0,https://www.xiaohongshu.com/search_result/67a2b956000000002900ed8b?xsec_token=ABY5XC6rqv02qKBboNVnWKAVb-x5zujLEg8jAyTbfqRL0=&xsec_source=
68583e93000000001c031038,ABvG4cZMV0T8eMDVnFzqGCYzmNQmMTue0Cu0uxNVdjUfc=,正确使用ChatGPT颠覆学习的5大隐藏技巧🔥,药研智能社,19,https://www.xiaohongshu.com/search_result/68583e93000000001c031038?xsec_token=ABvG4cZMV0T8eMDVnFzqGCYzmNQmMTue0Cu0uxNVdjUfc=&xsec_source=
66c59d65000000001f01d2db,ABKdtgwA0bnUxlP0XbITPg62HYJ-9i3ABo2399T82ZIuE=,ChatGPT Mac版和网页版的区别是什么？,00后Momo,24,https://www.xiaohongshu.com/search_result/66c59d65000000001f01d2db?xsec_token=ABKdtgwA0bnUxlP0XbITPg62HYJ-9i3ABo2399T82ZIuE=&xsec_source=
69f3615b0000000038037855,ABmO9UAtxSN5IQE73e83J0XBLjwbNnPfxKACqZhsNbt8U=,🔥精心整理！10个天花板级ChatGPT指令,鸿悟AI,243,https://www.xiaohongshu.com/search_result/69f3615b0000000038037855?xsec_token=ABmO9UAtxSN5IQE73e83J0XBLjwbNnPfxKACqZhsNbt8U=&xsec_source=
6a2fab1e000000001c024bd7,ABQWq5yV-pUk9IO6Ml6KxeSgioRD8rGRinsVI2aoqk-lk=,我读博常用的AI科研工具都在这了,小贝壳读博日常,505,https://www.xiaohongshu.com/search_result/6a2fab1e000000001c024bd7?xsec_token=ABQWq5yV-pUk9IO6Ml6KxeSgioRD8rGRinsVI2aoqk-lk=&xsec_source=
6856763200000000230056ab,ABmM4n2cBFuZGS1d_ulLwNcFyChRZ98XBF1RLM2Is5ntw=,ChatGPT-5即将登场，10大隐藏功能解析🔥,药研智能社,32,https://www.xiaohongshu.com/search_result/6856763200000000230056ab?xsec_token=ABmM4n2cBFuZGS1d_ulLwNcFyChRZ98XBF1RLM2Is5ntw=&xsec_source=
6996c284000000001b01786d,ABxI5IbK0HoR48H4BdH4fz-TiByYYz_QbM-Tb9tfC74qo=,gpt是什么软件？,Primary.,69,https://www.xiaohongshu.com/search_result/6996c284000000001b01786d?xsec_token=ABxI5IbK0HoR48H4BdH4fz-TiByYYz_QbM-Tb9tfC74qo=&xsec_source=
6a156c2400000000060230cb,AB7uS5cslYO3x01yl32cA0MPrjW81ohHrZTxlTdLg-wSw=,Claude和GPT的区别,AI专业户,1,https://www.xiaohongshu.com/search_result/6a156c2400000000060230cb?xsec_token=AB7uS5cslYO3x01yl32cA0MPrjW81ohHrZTxlTdLg-wSw=&xsec_source=
69b78be3000000001a037731,ABpCWZJzQnG96JjfaA2GAdPhIPF3bj3v5XonszSzKo2Wk=,是免费Gemini所以不好用吗？,颜阳子,1109,https://www.xiaohongshu.com/search_result/69b78be3000000001a037731?xsec_token=ABpCWZJzQnG96JjfaA2GAdPhIPF3bj3v5XonszSzKo2Wk=&xsec_source=
68809dff000000001203368d,ABM-makp7WuefNb35RoDOVjbAjQV7EUgCdfxpFGwDn_n8=,我被Chatgpt忽悠了,vancouver fisher,59,https://www.xiaohongshu.com/search_result/68809dff000000001203368d?xsec_token=ABM-makp7WuefNb35RoDOVjbAjQV7EUgCdfxpFGwDn_n8=&xsec_source=
6a35fd27000000001003d766,ABF1yoqwVP_bhZZXek1cifSGTHeLTZ20J_Q0qrgsr7_Qw=,chatGPT使用教程,咕噜饼,19,https://www.xiaohongshu.com/search_result/6a35fd27000000001003d766?xsec_token=ABF1yoqwVP_bhZZXek1cifSGTHeLTZ20J_Q0qrgsr7_Qw=&xsec_source=
65f4069e0000000012033ffa,ABBRrvOvF7fXg2bVJy9jKK0aoDb2oxLylm-gDRs274t1U=,ChatGPT文章现身中科院二区，作者为211教授,得辅学术,2973,https://www.xiaohongshu.com/search_result/65f4069e0000000012033ffa?xsec_token=ABBRrvOvF7fXg2bVJy9jKK0aoDb2oxLylm-gDRs274t1U=&xsec_source=
6a48d2e4000000000f01e160,ABK8L8Oh1ENtuTFi_ydNCNbmXisisWyidK120gwYy0QaI=,写claude code学习手册的大佬配享太庙,Jasmine,59,https://www.xiaohongshu.com/search_result/6a48d2e4000000000f01e160?xsec_token=ABK8L8Oh1ENtuTFi_ydNCNbmXisisWyidK120gwYy0QaI=&xsec_source=
69f959bf000000001f005e17,ABYcd-xkZXoeUA4l1zMSduZpGo4MnJGYwOStEerv7KrxM=,信用卡被大额盗刷，帮凶原来是ChatGPT🙂,Niki77,2267,https://www.xiaohongshu.com/search_result/69f959bf000000001f005e17?xsec_token=ABYcd-xkZXoeUA4l1zMSduZpGo4MnJGYwOStEerv7KrxM=&xsec_source=
68a9fc20000000001c0050fe,ABF1YLMTniNCC7ZDnFMqRVWMFNLXLBJ0cRnHIE-Qu7fOk=,gpt是什么软件？,麻省理工长毛兔,1455,https://www.xiaohongshu.com/search_result/68a9fc20000000001c0050fe?xsec_token=ABF1YLMTniNCC7ZDnFMqRVWMFNLXLBJ0cRnHIE-Qu7fOk=&xsec_source=
649114470000000012030240,ABzf5gucTJb2ik4d3B-FyecYBPl82xt18YtO7tT7NE7ag=,ChatGPT App 比网页版更佳的 5 个理由,忙着买菜,23,https://www.xiaohongshu.com/search_result/649114470000000012030240?xsec_token=ABzf5gucTJb2ik4d3B-FyecYBPl82xt18YtO7tT7NE7ag=&xsec_source=
6a428c40000000001102ea59,ABfXdD67U9gu7DHgpIgiCUrJfJlimDmf8WuxxqIB52BgY=,ChatGPT到底怎么用最省心？别再乱花钱了,尼克飞,4,https://www.xiaohongshu.com/search_result/6a428c40000000001102ea59?xsec_token=ABfXdD67U9gu7DHgpIgiCUrJfJlimDmf8WuxxqIB52BgY=&xsec_source=
6a39439d000000002003a567,ABHRzjOTfTjUqxz3FDI-who-7x3SO-Y8zNGNOziwGHAtc=,招行万事达充值ChatGPT plus,Destiny,1186,https://www.xiaohongshu.com/search_result/6a39439d000000002003a567?xsec_token=ABHRzjOTfTjUqxz3FDI-who-7x3SO-Y8zNGNOziwGHAtc=&xsec_source=
6a24da5000000000210192ad,ABhH8pppmRRslHru3vhnwXnT-QAj3vempg2KPe_bYrdAM=,GPT5.5确实好用,星壑,23,https://www.xiaohongshu.com/search_result/6a24da5000000000210192ad?xsec_token=ABhH8pppmRRslHru3vhnwXnT-QAj3vempg2KPe_bYrdAM=&xsec_source=
6a3e91580000000017008367,AB5FV-Ot3d2TpkyjeU_22Brv_ucwdecrlAfg1iL2g4Rp8=,使用ChatGPT不要翻墙,智算菩萨,9,https://www.xiaohongshu.com/search_result/6a3e91580000000017008367?xsec_token=AB5FV-Ot3d2TpkyjeU_22Brv_ucwdecrlAfg1iL2g4Rp8=&xsec_source=
6a41f18a0000000011006791,AB1YsF2XknA9ycUp-36SStCh-X7SHEbdXehzbzARlNYjw=,开源真的有用！我又领到了ChatGPT Pro！,地瓜🍠,829,https://www.xiaohongshu.com/search_result/6a41f18a0000000011006791?xsec_token=AB1YsF2XknA9ycUp-36SStCh-X7SHEbdXehzbzARlNYjw=&xsec_source=
6a2668ee000000000602359d,ABbBnvAD4v_UyIHORSrFYvfFP_zdJeUrCrKg4ULogOHw8=,写Claude code中文教程的大佬配享太庙！,人类与AI的初次交锋,260,https://www.xiaohongshu.com/search_result/6a2668ee000000000602359d?xsec_token=ABbBnvAD4v_UyIHORSrFYvfFP_zdJeUrCrKg4ULogOHw8=&xsec_source=
677bddbb00000000190366b9,ABcEl_YLzRZ-QKRb4kHBoV-rmwOcobAP38GxPLJAgftaM=,ChatGpt 只教了4次他就懂女人了,有趣灵魂的巨蟹座,61000,https://www.xiaohongshu.com/search_result/677bddbb00000000190366b9?xsec_token=ABcEl_YLzRZ-QKRb4kHBoV-rmwOcobAP38GxPLJAgftaM=&xsec_source=
69d68d91000000001f004d3b,ABqzo2EhBv-UI0FdD7BQ3ux2pcZe6pMHsxR3uspKhwsl0=,💥AI觉醒？ Mythos让我头皮发麻,硅基解码 Decoder Only,7,https://www.xiaohongshu.com/search_result/69d68d91000000001f004d3b?xsec_token=ABqzo2EhBv-UI0FdD7BQ3ux2pcZe6pMHsxR3uspKhwsl0=&xsec_source=
6a3c8ac90000000011017268,ABdrNoaizMKsPAFsOTvIkGGDpkZL8fNO85e54m-RKWyE0=,💥AI觉醒？ Mythos让我头皮发麻,硅基解码 Decoder Only,990,https://www.xiaohongshu.com/search_result/6a3c8ac90000000011017268?xsec_token=ABdrNoaizMKsPAFsOTvIkGGDpkZL8fNO85e54m-RKWyE0=&xsec_source=
6762bdb6000000001300c3b6,ABqTgDCW3A3NaIJnJuaV0_fDr49z-U9GCu_w1nvlCLva4=,ChatGPT 和 Claude 谁更好用？,AI搭子小记,1073,https://www.xiaohongshu.com/search_result/6762bdb6000000001300c3b6?xsec_token=ABqTgDCW3A3NaIJnJuaV0_fDr49z-U9GCu_w1nvlCLva4=&xsec_source=
67dbe93b000000001203f842,ABheyD-n0K_GNS0xd0pgWoS39NT9g7F1TXBT79CIjo8vY=,3.23高频常识：ChatGPT/人造太阳,玉溪龙门教育丶小林（原玉溪新途径小林）,29,https://www.xiaohongshu.com/search_result/67dbe93b000000001203f842?xsec_token=ABheyD-n0K_GNS0xd0pgWoS39NT9g7F1TXBT79CIjo8vY=&xsec_source=
6750a0e6000000000800677c,ABcnLbd63D7QRj2P96PDvEEemzuGk06ULUgtgavRcN27A=,深夜为ChatGPT 流泪了,🐟,36000,https://www.xiaohongshu.com/search_result/6750a0e6000000000800677c?xsec_token=ABcnLbd63D7QRj2P96PDvEEemzuGk06ULUgtgavRcN27A=&xsec_source=
6a4372a30000000022017a5a,ABUrNz4dGns6-tqWROkMGASDuNpjmSOWWk5PWl3yiyQg4=,GPT教程,果粒红薯,20,https://www.xiaohongshu.com/search_result/6a4372a30000000022017a5a?xsec_token=ABUrNz4dGns6-tqWROkMGASDuNpjmSOWWk5PWl3yiyQg4=&xsec_source=
67eae47d000000001c031218,ABjVkptez1OoHNDDBc9Uvwucn-GcQUjtjgo5k2sN62qu0=,Apple Intelligence里面的ChatGPT小技巧～,考神QAQ,379,https://www.xiaohongshu.com/search_result/67eae47d000000001c031218?xsec_token=ABjVkptez1OoHNDDBc9Uvwucn-GcQUjtjgo5k2sN62qu0=&xsec_source=
6a16b13f000000003703484c,ABg_RASBfnMroDsCnpmigXKeJpYxa9Q2jLKbIax1v69xw=,AI输出的提示词（法律人版）,氛围律师VibeLawyer,109,https://www.xiaohongshu.com/search_result/6a16b13f000000003703484c?xsec_token=ABg_RASBfnMroDsCnpmigXKeJpYxa9Q2jLKbIax1v69xw=&xsec_source=
641a6f7b0000000027012d0a,ABVdwbgtm3AiyFnn-IRZWXhdlQNaF4z2pk3LSxu2-1FXQ=,Turnitin可以检测出ChatGPT写的东西！,猪弟徐,2673,https://www.xiaohongshu.com/search_result/641a6f7b0000000027012d0a?xsec_token=ABVdwbgtm3AiyFnn-IRZWXhdlQNaF4z2pk3LSxu2-1FXQ=&xsec_source=
6a448d0100000000150260fa,ABmGjY8SG5EAios5oaGDt0chuGrBiz1uwhAcDWd3O_7Z0=,Open AI自曝：ChatGPT已经没人用了,大厂专用小马甲,109,https://www.xiaohongshu.com/search_result/6a448d0100000000150260fa?xsec_token=ABmGjY8SG5EAios5oaGDt0chuGrBiz1uwhAcDWd3O_7Z0=&xsec_source=
6a3e23860000000007013665,AB5FV-Ot3d2TpkyjeU_22BrlDX7VajROZ8V9C37Lrh1ls=,用Codex写综述，五天一篇真的可以做到吗？,秋藏宗与诗,208,https://www.xiaohongshu.com/search_result/6a3e23860000000007013665?xsec_token=AB5FV-Ot3d2TpkyjeU_22BrlDX7VajROZ8V9C37Lrh1ls=&xsec_source=
63ea4f8100000000130070c2,AB6EjdAGdRXRTcH0rTDRas8gA4Z_BSSzo-8SKDysFMFOA=,CHATGPT真的太牛了！研究生的福报,恰恰好运,552,https://www.xiaohongshu.com/search_result/63ea4f8100000000130070c2?xsec_token=AB6EjdAGdRXRTcH0rTDRas8gA4Z_BSSzo-8SKDysFMFOA=&xsec_source=
68ac51c4000000001d02727f,ABUQLcCihx0WVxqwlBIdkaUA6E6qoIhWxgdYUoKIOuUE0=,ChatGPT正确打开方式，今天教你三招小技巧！,星云ai实战,4428,https://www.xiaohongshu.com/search_result/68ac51c4000000001d02727f?xsec_token=ABUQLcCihx0WVxqwlBIdkaUA6E6qoIhWxgdYUoKIOuUE0=&xsec_source=
691c18aa000000001f0045fe,ABX2QPbGJbzSaeOnFsy6SvHVNXtBTIDZ2gJ_OWSSjukl0=,分享一些gpt5学术指令（文献综述版）,米花课堂,6246,https://www.xiaohongshu.com/search_result/691c18aa000000001f0045fe?xsec_token=ABX2QPbGJbzSaeOnFsy6SvHVNXtBTIDZ2gJ_OWSSjukl0=&xsec_source=
68da05d800000000120221e0,AB9NSmTFP5iselhgwKrdonMyuoq7ArQgNaU9XPP7YTRuY=,ChatGPT 开始「插足」人类婚姻了,无限研究所,1528,https://www.xiaohongshu.com/search_result/68da05d800000000120221e0?xsec_token=AB9NSmTFP5iselhgwKrdonMyuoq7ArQgNaU9XPP7YTRuY=&xsec_source=
6a1d40da000000003803410b,AB7hu4_RZQnKhqiZOBkGtPq2I6YOyiVqeBOs1efjVJgv0=,已被榨干‼️GPT保姆级教程Chat版🔥,阿X的神秘百宝箱,254,https://www.xiaohongshu.com/search_result/6a1d40da000000003803410b?xsec_token=AB7hu4_RZQnKhqiZOBkGtPq2I6YOyiVqeBOs1efjVJgv0=&xsec_source=
68805fb8000000002001ade3,ABM-makp7WuefNb35RoDOVjXj2UVDTB-PbyHFlj0mhqQg=,chatgpt是我开过最值得的服务,iiiiris,536,https://www.xiaohongshu.com/search_result/68805fb8000000002001ade3?xsec_token=ABM-makp7WuefNb35RoDOVjXj2UVDTB-PbyHFlj0mhqQg=&xsec_source=
6a475cbb0000000021015210,ABc_7FZ-Sp3SqGqdP22hmEvyZtbo9PRdrPQH_RaDAEcqw=,折腾一周，我终于实现GPT Plus自由了,蹦蹦吖,74,https://www.xiaohongshu.com/search_result/6a475cbb0000000021015210?xsec_token=ABc_7FZ-Sp3SqGqdP22hmEvyZtbo9PRdrPQH_RaDAEcqw=&xsec_source=
673dfdb30000000002039155,ABut-fIm45xYmSnMYtCMSQGL006Jqlmp1AvNNtXCtT9ng=,chatgpt是我开过最值得的服务,iiiiris,2432,https://www.xiaohongshu.com/search_result/673dfdb30000000002039155?xsec_token=ABut-fIm45xYmSnMYtCMSQGL006Jqlmp1AvNNtXCtT9ng=&xsec_source=
6949c42e000000001e0030b4,ABUHXTmwQGu2Jcy5lGB5SRzc8setZVzqLvt_zVJU-l5NM=,chatgpt是不是越来越不好用了,正常的名字,448,https://www.xiaohongshu.com/search_result/6949c42e000000001e0030b4?xsec_token=ABUHXTmwQGu2Jcy5lGB5SRzc8setZVzqLvt_zVJU-l5NM=&xsec_source=
69527a5e000000001e0287ce,ABFPTZKzPqAtd8U8lCHYCJX52SfgmxEANHYKtZg08MkG0=,对 ChatGPT 说“请”和“谢谢”的代价是水资源,Love Who You Are,1103,https://www.xiaohongshu.com/search_result/69527a5e000000001e0287ce?xsec_token=ABFPTZKzPqAtd8U8lCHYCJX52SfgmxEANHYKtZg08MkG0=&xsec_source=
695f66bb000000000a03200f,ABvxnfvPlpzUlfyfgnV9pV6BrzMky57NPtTlJ7TGkvJHw=,🇲🇾用chatgpt算命准的吗？,珍🐷鸭,219,https://www.xiaohongshu.com/search_result/695f66bb000000000a03200f?xsec_token=ABvxnfvPlpzUlfyfgnV9pV6BrzMky57NPtTlJ7TGkvJHw=&xsec_source=
65932cdd0000000010011c7a,ABhkqnWdHKSl_pq0vzS1p6dtzwWoOK8AiGK_i0-5v9fwI=,终于下决心开通chatgpt了，好用，就是小贵,跳跳糖,352,https://www.xiaohongshu.com/search_result/65932cdd0000000010011c7a?xsec_token=ABhkqnWdHKSl_pq0vzS1p6dtzwWoOK8AiGK_i0-5v9fwI=&xsec_source=
67b6b063000000002503f45a,AB7g2Yxm-yIpfDv7PeoqLvy3ddHXriLrlXPVMhRZHRz_s=,有没有人和我一样觉得ChatGPT比DS好用,寒，十一月,519,https://www.xiaohongshu.com/search_result/67b6b063000000002503f45a?xsec_token=AB7g2Yxm-yIpfDv7PeoqLvy3ddHXriLrlXPVMhRZHRz_s=&xsec_source=
691c60ca000000001e002aad,ABX2QPbGJbzSaeOnFsy6SvHciUSbCk1Pqh1gGvTLCMUbc=,Chatgpt怎么了？,陌生人,13,https://www.xiaohongshu.com/search_result/691c60ca000000001e002aad?xsec_token=ABX2QPbGJbzSaeOnFsy6SvHciUSbCk1Pqh1gGvTLCMUbc=&xsec_source=
6989744c0000000015039749,ABXAT2pnYzOV4GUT5Exi7l2Lho5vbPVE5kXpBIUwt_ll8=,大家发现没，chatGPT越来越蠢了,澳洲黑猫姐RN,586,https://www.xiaohongshu.com/search_result/6989744c0000000015039749?xsec_token=ABXAT2pnYzOV4GUT5Exi7l2Lho5vbPVE5kXpBIUwt_ll8=&xsec_source=
6879d7330000000020019f07,ABHibpjXdqvPxeRB_dZrj4Zg3ZYRtUDG1piwL9-uWF6co=,终于下决心开通chatgpt了，好用，就是小贵,可爱的小女孩的妈（互）,376,https://www.xiaohongshu.com/search_result/6879d7330000000020019f07?xsec_token=ABHibpjXdqvPxeRB_dZrj4Zg3ZYRtUDG1piwL9-uWF6co=&xsec_source=
6a4c6ce2000000002103cef6,ABAXwJZZTD5BXuPjwM_LrzedIwlloMdbCmDicE1_FXasI=,chatgptplus充值 148,Ai大模型,2,https://www.xiaohongshu.com/search_result/6a4c6ce2000000002103cef6?xsec_token=ABAXwJZZTD5BXuPjwM_LrzedIwlloMdbCmDicE1_FXasI=&xsec_source=
6a49e70c00000000220160c3,ABlkp3KgOEi2XYkpvcp4Y0PBs-NH_8TOHJAJXoa8hfFNw=,ChatGPT写作训练营,电子杂货铺,0,https://www.xiaohongshu.com/search_result/6a49e70c00000000220160c3?xsec_token=ABlkp3KgOEi2XYkpvcp4Y0PBs-NH_8TOHJAJXoa8hfFNw=&xsec_source=
6a4b2ab9000000001700baa8,ABQZGHPekp6dvTmZAZpkNYU0ll5YT1Ozu9LghagJ36raU=,拍照的最新解锁方式，赶紧用起来！,Ai情报站,0,https://www.xiaohongshu.com/search_result/6a4b2ab9000000001700baa8?xsec_token=ABQZGHPekp6dvTmZAZpkNYU0ll5YT1Ozu9LghagJ36raU=&xsec_source=
6a4b9a0f000000001700aa38,ABQZGHPekp6dvTmZAZpkNYU4JEZwK4whiOvGj6Hhgnlgg=,ChatGPT怎么在苹果订阅？详细版-准备事项,GPT升级中心,7,https://www.xiaohongshu.com/search_result/6a4b9a0f000000001700aa38?xsec_token=ABQZGHPekp6dvTmZAZpkNYU4JEZwK4whiOvGj6Hhgnlgg=&xsec_source=
6a4b2b3c000000000f00664f,ABQZGHPekp6dvTmZAZpkNYU7yj532AsiiIYwAC1oxc5p0=,Gpt Plus!升级只要1️⃣4️⃣8️⃣！！！,AI啾啾,2,https://www.xiaohongshu.com/search_result/6a4b2b3c000000000f00664f?xsec_token=ABQZGHPekp6dvTmZAZpkNYU7yj532AsiiIYwAC1oxc5p0=&xsec_source=
64be17ee000000000103ff0d,ABNMtXZ4frVBynju9n4vlmX-9JYbrr7y_3J_ecRV3-QhQ=,如何使用ChatGPT，实用技巧分享,Z中培IT咨询,0,https://www.xiaohongshu.com/search_result/64be17ee000000000103ff0d?xsec_token=ABNMtXZ4frVBynju9n4vlmX-9JYbrr7y_3J_ecRV3-QhQ=&xsec_source=
6a4daf9d000000000f01cfb4,ABGINrL8LJFqcyWwl_67J6b7szkQkA5t3LL5JYJ-YlOIg=,159/月,AI蛋挞,0,https://www.xiaohongshu.com/search_result/6a4daf9d000000000f01cfb4?xsec_token=ABGINrL8LJFqcyWwl_67J6b7szkQkA5t3LL5JYJ-YlOIg=&xsec_source=
6a4b0b2f000000002103e251,ABQZGHPekp6dvTmZAZpkNYU6ugUxKzm-Oz0-d_1c3tE9E=,Gpt升级只需148！！,Ai大模型,2,https://www.xiaohongshu.com/search_result/6a4b0b2f000000002103e251?xsec_token=ABQZGHPekp6dvTmZAZpkNYU6ugUxKzm-Oz0-d_1c3tE9E=&xsec_source=
6a4c41ea0000000007025aef,ABAXwJZZTD5BXuPjwM_LrzeROVlh9zewjbngk8oprvTCs=,千万别急着买ChatGPT Plus，先看这一篇。,爱玩Ai的小林哥,14,https://www.xiaohongshu.com/search_result/6a4c41ea0000000007025aef?xsec_token=ABAXwJZZTD5BXuPjwM_LrzeROVlh9zewjbngk8oprvTCs=&xsec_source=
6a4c8aa9000000001503ef9c,ABAXwJZZTD5BXuPjwM_LrzeVxY9lfolpMT9_hga5qYI9Y=,5.6 就要来了,Fantastic AI（冲5k）,6,https://www.xiaohongshu.com/search_result/6a4c8aa9000000001503ef9c?xsec_token=ABAXwJZZTD5BXuPjwM_LrzeVxY9lfolpMT9_hga5qYI9Y=&xsec_source=
69fefc970000000023004006,ABUbgsTpRiAxS5l9n5yq1YDAifGbN-B-jhBX5XkBD2E0Q=,尝鲜体验‼️COROS运动数据接入AI分析,COROS高驰,769,https://www.xiaohongshu.com/search_result/69fefc970000000023004006?xsec_token=ABUbgsTpRiAxS5l9n5yq1YDAifGbN-B-jhBX5XkBD2E0Q=&xsec_source=
697a15ae0000000022022ef0,ABsd-uyFi1uRw9tQzIqFBC2gZlARX5qoPIUiFt03hV8LQ=,ChatGPT能帮你作每天的趋势预测及操作建议,小桥流水人家,1326,https://www.xiaohongshu.com/search_result/697a15ae0000000022022ef0?xsec_token=ABsd-uyFi1uRw9tQzIqFBC2gZlARX5qoPIUiFt03hV8LQ=&xsec_source=
6a3a6259000000002103e93c,AB0jYy-TVXAM8NHW_rX0hP7fYhn_KF5aXY0TW5ikDZV18=,为什么代充GPT都要求提供session？,Mariafwp,14,https://www.xiaohongshu.com/search_result/6a3a6259000000002103e93c?xsec_token=AB0jYy-TVXAM8NHW_rX0hP7fYhn_KF5aXY0TW5ikDZV18=&xsec_source=
6a3b666d000000000d00bc00,ABHkMoRF22Ta1fP2NIWtCm3l8Y7tip-1eQpaIk2LhR47c=,好漂亮哦,是个吃货,25,https://www.xiaohongshu.com/search_result/6a3b666d000000000d00bc00?xsec_token=ABHkMoRF22Ta1fP2NIWtCm3l8Y7tip-1eQpaIk2LhR47c=&xsec_source=
6a3fe5e7000000001702abce,ABO8dsHcC7UJnW3NFM2DoxKWdyjg1vSRzCFF_dAYzuXLc=,鸿蒙也能有最好的 ai 体验,mon^k^ey,8,https://www.xiaohongshu.com/search_result/6a3fe5e7000000001702abce?xsec_token=ABO8dsHcC7UJnW3NFM2DoxKWdyjg1vSRzCFF_dAYzuXLc=&xsec_source=
696902c4000000000e00d50e,ABHzDxMDAWyv0m2EgHPXqccsPLrNXZUqzvCA1-5HZ9OIs=,ChatGPT、Gemini、Claude 到底怎么选？,Justin Bowen,612,https://www.xiaohongshu.com/search_result/696902c4000000000e00d50e?xsec_token=ABHzDxMDAWyv0m2EgHPXqccsPLrNXZUqzvCA1-5HZ9OIs=&xsec_source=
673aa764000000003c01b3eb,ABijWyx5YqKX45Nquacx5GdC0O-gQMUQfydfVezk31Z78=,chatbot和chatgpt到底什么关系啊？？？,🍃,166,https://www.xiaohongshu.com/search_result/673aa764000000003c01b3eb?xsec_token=ABijWyx5YqKX45Nquacx5GdC0O-gQMUQfydfVezk31Z78=&xsec_source=
6a4b5e770000000008024ee0,ABQZGHPekp6dvTmZAZpkNYU8IW3UFy_akAnBgpHnz1p2I=,科研中常用的 AI Prompt,科研说明书,0,https://www.xiaohongshu.com/search_result/6a4b5e770000000008024ee0?xsec_token=ABQZGHPekp6dvTmZAZpkNYU8IW3UFy_akAnBgpHnz1p2I=&xsec_source=
6a2cdd02000000003503334c,ABlNWgNEiELRERvIBYEFHdUg-8Au23ebEuSRQdq8GN9HY=,5个AI预测6.12日世界杯结果出来了,不吃羊肉的小C,3,https://www.xiaohongshu.com/search_result/6a2cdd02000000003503334c?xsec_token=ABlNWgNEiELRERvIBYEFHdUg-8Au23ebEuSRQdq8GN9HY=&xsec_source=
69a7e03d000000001a027317,AB0cPdSWd1TOoiA2dT-BS6WSEpXPTC7HPprl1L_39z-jM=,ChatGPT版本怎么选？三档对比一文看懂,温柔悍妇设计工作室,216,https://www.xiaohongshu.com/search_result/69a7e03d000000001a027317?xsec_token=AB0cPdSWd1TOoiA2dT-BS6WSEpXPTC7HPprl1L_39z-jM=&xsec_source=
69fcaa130000000035028142,ABVKdw7duUieOv7yXMscBgMJpteUV6Zi5aVEl-Mc_A5Vo=,当你把一段话发给GPT Image2.0你就会得到….,GRANT VISION 竹寺,8,https://www.xiaohongshu.com/search_result/69fcaa130000000035028142?xsec_token=ABVKdw7duUieOv7yXMscBgMJpteUV6Zi5aVEl-Mc_A5Vo=&xsec_source=
6895b34a000000002501574c,ABT7q79vatLZmS7BuHL7oVnYskYoAdxE15apBeiQkK9AE=,全员免费的GPT5来了，4分钟全了解【实测】,秋芝2046,1417,https://www.xiaohongshu.com/search_result/6895b34a000000002501574c?xsec_token=ABT7q79vatLZmS7BuHL7oVnYskYoAdxE15apBeiQkK9AE=&xsec_source=
6a3e19c3000000001101e5bc,AB5FV-Ot3d2TpkyjeU_22BrmbiP2eZqgqFvKKr6id3z18=,ChatGPT Plus / Pro 5x / 20x 到底怎么选,AI直营,11,https://www.xiaohongshu.com/search_result/6a3e19c3000000001101e5bc?xsec_token=AB5FV-Ot3d2TpkyjeU_22BrmbiP2eZqgqFvKKr6id3z18=&xsec_source=
66f26ab5000000001902c0cf,ABUyHSiKzZ8cHq1epupX8STZENpu2_re0XCJp0cOVkWG0=,一区顶刊论文结尾的ChatGPT使用声明,吃鱼学博士,2367,https://www.xiaohongshu.com/search_result/66f26ab5000000001902c0cf?xsec_token=ABUyHSiKzZ8cHq1epupX8STZENpu2_re0XCJp0cOVkWG0=&xsec_source=
69eb27af000000001f031801,AB0OGoF024GcsMdR7zpv_qqkWPEG6rr9xdopkpSDIVY_o=,GPT Image2 100个高级玩法，出图效率100%,栗子AI学习日记,3194,https://www.xiaohongshu.com/search_result/69eb27af000000001f031801?xsec_token=AB0OGoF024GcsMdR7zpv_qqkWPEG6rr9xdopkpSDIVY_o=&xsec_source=
6a032496000000003502e05e,ABGpAw0DWpqw_pN2PxpVcwGZYvAgGgdvvWTmUAHdw3euE=,gpt黑话几何,AI急救中心,40,https://www.xiaohongshu.com/search_result/6a032496000000003502e05e?xsec_token=ABGpAw0DWpqw_pN2PxpVcwGZYvAgGgdvvWTmUAHdw3euE=&xsec_source=
69f03ce0000000001e00d9f6,ABGh9fKlf6rz6XAXyqjGDrQ7JGIbIpTCMc1Mc1XG0HAqA=,急报！今早OpenAI大清算，天才纷纷陨落😇,泸笙,373,https://www.xiaohongshu.com/search_result/69f03ce0000000001e00d9f6?xsec_token=ABGh9fKlf6rz6XAXyqjGDrQ7JGIbIpTCMc1Mc1XG0HAqA=&xsec_source=
6a1d42ac0000000007024ffb,AB7hu4_RZQnKhqiZOBkGtPq7xdxYw0VAO3ud19y__WFls=,白嫖GPTPro半年！价值$1200，有GitHub就行,AI技术便利店,426,https://www.xiaohongshu.com/search_result/6a1d42ac0000000007024ffb?xsec_token=AB7hu4_RZQnKhqiZOBkGtPq7xdxYw0VAO3ud19y__WFls=&xsec_source=
6a18f9ed0000000006037721,ABBMH-4IOsBojBgWiH2fH4L0sIVfKqS48wVYOQurFYQJI=,他真的做到了，把我们当小孩教Claude code,AI小饼干,74,https://www.xiaohongshu.com/search_result/6a18f9ed0000000006037721?xsec_token=ABBMH-4IOsBojBgWiH2fH4L0sIVfKqS48wVYOQurFYQJI=&xsec_source=
6a4b6893000000000803116e,ABQZGHPekp6dvTmZAZpkNYU2JyNZESuBI-DbrttatthDQ=,GPTPlus 最划算的打开方式🐱,一叶w2v,0,https://www.xiaohongshu.com/search_result/6a4b6893000000000803116e?xsec_token=ABQZGHPekp6dvTmZAZpkNYU2JyNZESuBI-DbrttatthDQ=&xsec_source=
69771992000000001a034419,ABh5u9jCM25KejGCDftD8NEAaGPnirJ1AAwcUiy18WiiU=,ChatGPT版本怎么选？三档对比一文看懂,棉袄～,3314,https://www.xiaohongshu.com/search_result/69771992000000001a034419?xsec_token=ABh5u9jCM25KejGCDftD8NEAaGPnirJ1AAwcUiy18WiiU=&xsec_source=
6a3cd71f000000000f015ab1,ABdrNoaizMKsPAFsOTvIkGGAykMRSxfICs9wLJF31jkCw=,ChatGPT 免费版真的够用吗？,兴乐宝,4,https://www.xiaohongshu.com/search_result/6a3cd71f000000000f015ab1?xsec_token=ABdrNoaizMKsPAFsOTvIkGGAykMRSxfICs9wLJF31jkCw=&xsec_source=
68511d9700000000230006a2,ABm61oSq2OI4T0wkQtDX0KMMIsxzvQhPIFHO7ZblSnMrs=,奉劝大家不要用ai写论文了😭,栗子学姐,234,https://www.xiaohongshu.com/search_result/68511d9700000000230006a2?xsec_token=ABm61oSq2OI4T0wkQtDX0KMMIsxzvQhPIFHO7ZblSnMrs=&xsec_source=
69706f84000000002103ef32,ABS-XpBbHhm8I7TJtgx4vee4BL3tVCxuojdkZYSSFA8IY=,很多用户在用 ChatGPT 时，实际卡在这一步👇,VCC-Jolin,0,https://www.xiaohongshu.com/search_result/69706f84000000002103ef32?xsec_token=ABS-XpBbHhm8I7TJtgx4vee4BL3tVCxuojdkZYSSFA8IY=&xsec_source=
6a23f26a000000001c025208,AB-ee8-a-6U2U6ctCf_mnUWFZySsw7vtaWLDlYroUO-eU=,Gpt官方月卡,Gemini供应,2,https://www.xiaohongshu.com/search_result/6a23f26a000000001c025208?xsec_token=AB-ee8-a-6U2U6ctCf_mnUWFZySsw7vtaWLDlYroUO-eU=&xsec_source=
68888cdf0000000025024eed,AB_yOZhfzEAs3seEWaAjKu5HWLwyvlrFv9krMQjRNWyjM=,PopAi vs ChatGPT：AI PPT agents能力实测,PopAi_Official,191,https://www.xiaohongshu.com/search_result/68888cdf0000000025024eed?xsec_token=AB_yOZhfzEAs3seEWaAjKu5HWLwyvlrFv9krMQjRNWyjM=&xsec_source=
6a227252000000000701289c,AB6gKFleoVZHTjHCVTnkQL8Wx1Lsb7B0gEsdFS5dIn88k=,plus充值 真的很不建议拼车,给自己加油鸭,33,https://www.xiaohongshu.com/search_result/6a227252000000000701289c?xsec_token=AB6gKFleoVZHTjHCVTnkQL8Wx1Lsb7B0gEsdFS5dIn88k=&xsec_source=
6a0565a100000000080250c8,AB09KdV9Cv7zrLAgK4HLleid7HX14Nxv1qyNClq9z77B8=,慢讯 Business 羊毛,香蕉猫AI,5,https://www.xiaohongshu.com/search_result/6a0565a100000000080250c8?xsec_token=AB09KdV9Cv7zrLAgK4HLleid7HX14Nxv1qyNClq9z77B8=&xsec_source=
69fee230000000003503a4d5,ABUbgsTpRiAxS5l9n5yq1YDNihNmM-NvK7Rmh0CJ__4Kg=,ChatGPT、Claude、Gemini，到底有什么区别,L的AI笔记,268,https://www.xiaohongshu.com/search_result/69fee230000000003503a4d5?xsec_token=ABUbgsTpRiAxS5l9n5yq1YDNihNmM-NvK7Rmh0CJ__4Kg=&xsec_source=
6a2bd84e000000001702eae4,ABnDNj3YXfJ9lFCKNxJctPxtWX4X3UzQguM9iX7KzUq1I=,难怪我之前觉得 ChatGPT 很废,拥抱未来,1,https://www.xiaohongshu.com/search_result/6a2bd84e000000001702eae4?xsec_token=ABnDNj3YXfJ9lFCKNxJctPxtWX4X3UzQguM9iX7KzUq1I=&xsec_source=
6a35de5f000000000f006e5f,ABF1yoqwVP_bhZZXek1cifSP8D7UnhKu3FFOHlch4dQC4=,正规 GPT Plus 开通！学系办公两不误✨,懒懒村村长,1,https://www.xiaohongshu.com/search_result/6a35de5f000000000f006e5f?xsec_token=ABF1yoqwVP_bhZZXek1cifSP8D7UnhKu3FFOHlch4dQC4=&xsec_source=
69ce2953000000002301613b,ABlQvbBCisQmsDtcpLsBGE88grGFm9Y589AJSqbgCU3eY=,Gemini+Notebooklm王炸组合使用教程,耶耶AI日记,152,https://www.xiaohongshu.com/search_result/69ce2953000000002301613b?xsec_token=ABlQvbBCisQmsDtcpLsBGE88grGFm9Y589AJSqbgCU3eY=&xsec_source=
6a471026000000000701235d,ABc_7FZ-Sp3SqGqdP22hmEv4_--d67ZPmwaezL7-ItQTs=,ChatGPT+Codex做Skill，一键出品牌全案报告,AI皮呦才,11,https://www.xiaohongshu.com/search_result/6a471026000000000701235d?xsec_token=ABc_7FZ-Sp3SqGqdP22hmEv4_--d67ZPmwaezL7-ItQTs=&xsec_source=
64c0eb71000000000103dee8,ABhEtxlvjwR6IXK45htPL5CjryOpxyIX2cGdRSkPunCdQ=,ChatGPT-4.0神奇插件！揭秘AI游戏插件,Ocean说AI,3,https://www.xiaohongshu.com/search_result/64c0eb71000000000103dee8?xsec_token=ABhEtxlvjwR6IXK45htPL5CjryOpxyIX2cGdRSkPunCdQ=&xsec_source=
6a4b9e8b000000002200b46a,ABQZGHPekp6dvTmZAZpkNYU6Xj9Mh-nKWO_lf1GLttG5E=,X Premium/Premium+代充，自带grok会员,AI前线,0,https://www.xiaohongshu.com/search_result/6a4b9e8b000000002200b46a?xsec_token=ABQZGHPekp6dvTmZAZpkNYU6Xj9Mh-nKWO_lf1GLttG5E=&xsec_source=
